Date,bookValue,cashRatio,currentRatio,ebitPerShare,eps,fcfMargin,grossMargin,longtermDebtTotalAsset,longtermDebtTotalCapital,longtermDebtTotalEquity,netDebtToTotalCapital,netDebtToTotalEquity,netMargin,operatingMargin,pretaxMargin,quickRatio,roaTTM,roeTTM,roicTTM,rotcTTM,salesPerShare,sgaToSale,totalDebtToEquity,totalDebtToTotalAsset,totalDebtToTotalCapital,totalRatio
1977-03-31,19.90328462558084,0.34306281791156595,1.3458783739842228,4.091902910826938,3.242540857249752,0.37428127810651457,0.5480311651127304,0.3189118383039673,0.38288751548777356,0.4349263210358614,0.364059841398547,0.3943747544434901,0.3861877181369834,0.4392877323302253,0.4192662850127386,0.919069746401645,0.03771237762423595,0.04064068594891955,0.02108194295707054,0.02661925707178734,8.396281665538625,0.16548807978521127,0.4349263210358614,0.3518965575633019,0.43290602046179405,2.6080109382974337
1977-06-30,26.235409212824262,0.5829497683352283,1.585765324407885,5.79030222836187,4.940940174784685,0.4,0.6432894658310861,0.2153715041588427,0.279347181342649,0.33138598689073684,0.2605195072534225,0.2908344202983656,0.48144601885533905,0.534546033048581,0.5145245857310943,1.158956696825307,0.07147214336246546,0.027350651436812513,0.046273266903871145,0.02269729666591566,10.262708551484145,0.18057128704093933,0.33138598689073684,0.24835622341817734,0.3293656863166695,3.327671789568421
1977-09-30,30.448360396563967,0.40138322542680094,1.4041987814994576,4.391826228512538,3.5424641749353523,0.2746774068869906,0.4481287842938485,0.32598533174860395,0.38996100893241026,0.4419998144804981,0.3711333348431837,0.40144824788812683,0.28628533731810146,0.33938535151134336,0.3193639041938567,0.9773901539168798,0.0046787143002147286,0.039898862651962595,0.06785683930537662,0.06106292134958838,12.373893151919264,0.17902345056835872,0.4419998144804981,0.35897005100793855,0.43997951390643075,2.7829721608431384
1977-12-31,26.57117577655417,0.28015032973789555,1.2829658858105524,4.197670821186859,3.3483087676096734,0.3504652807221239,0.5147157737863765,0.38966243496944425,0.45363811215325056,0.5056769177013384,0.43481043806402403,0.46512535110896713,0.3528723268106294,0.4059723410038713,0.38595089368638463,0.8561572582279745,0.014397570981087574,0.012291560837080304,0.02692400732148737,0.025988115094322303,9.488725845613162,0.22942183970946572,0.5056769177013384,0.42264715422877885,0.5036566171272711,2.4192734737764225
1978-03-31,22.89735659412365,0.2721693072115476,1.2749848632842045,3.7061086330448436,2.8567465794676576,0.4,0.6049750795332391,0.42906343278595616,0.4930391099697624,0.5450779155178502,0.4742114358805359,0.504526348925479,0.4431316325574921,0.496231646750734,0.4762101994332473,0.8481762357016266,-0.005578806493940814,0.043731149689322346,0.05760308295105211,0.07368388129300892,6.446722304567192,0.16137694310498116,0.5450779155178502,0.46204815204529076,0.5430576149437829,2.395330406197379
1978-06-30,28.570177673299195,0.18148673721240338,1.1843022932850602,2.5348635084207176,1.6855014548435319,0.4,0.5435472700259807,0.3672045106149916,0.43118018779879785,0.4832189933468857,0.4123525137095713,0.4426674267545144,0.38170382305023365,0.43480383724347554,0.41478238992598887,0.7574936657024823,0.0002717260539947929,-0.040518038039010135,0.020073218455683498,0.007239768618125874,4.41573113251662,0.22592367474019678,0.4832189933468857,0.4001892298743262,0.48119869277281835,2.1232826961999463
1978-09-30,29.85973543430596,0.47794822550613614,1.4807637815787928,4.148878130070962,3.2995160764937763,0.3960229148972286,0.5843152316449085,0.19280269095520108,0.25677836813900734,0.30881717368709516,0.2379506940497808,0.2682656070947239,0.42247178466916147,0.47557179886240336,0.4555503515449167,1.053955153996215,0.02201736257043504,0.05977434351912219,0.008734957786053286,-0.02524147231745469,7.810027074536195,0.1832138058223198,0.30881717368709516,0.22578741021453572,0.30679687311302783,3.012667161081144
1978-12-31,20.903724638541465,0.3659155402219913,1.3687310962946482,3.4820164750591704,2.6326544214819845,0.3826125322816615,0.5584817256439302,0.36676010478498083,0.43073578196878715,0.48277458751687496,0.4119081078795606,0.4422230209245037,0.39663827866818313,0.449738292861425,0.42971684554393835,0.9419224687120703,-0.001759676047023817,0.031946033198473694,-0.003977462212079529,-0.021251330474995528,6.637418935766389,0.2184463806510663,0.48277458751687496,0.39974482404431544,0.48075428694280764,2.67656910522871
1979-03-31,30.442575568568657,0.4057902743211403,1.4086058303937972,4.58602020338294,3.7366581498057547,0.4,0.609273083154891,0.27797583652228053,0.3419515137060868,0.3939903192541746,0.32312383961686025,0.35343875266180336,0.44742963617914394,0.5005296503723858,0.48050820305489916,0.9817972028112193,0.044196715882093125,0.07287213744001986,0.04289972714099477,0.03212137994694468,8.351387229766905,0.1715003779567571,0.3939903192541746,0.31096055578161513,0.3919700186801073,2.7961933075261567
1979-06-30,25.054291945168938,0.2668866481807552,1.269702204253412,3.7382131953438082,2.8888511417666223,0.37072685260367755,0.550699797230177,0.36151898979015074,0.425494666973957,0.4775334725220448,0.40666699288473046,0.43698190592967356,0.38885635025443,0.4419563644476719,0.4219349171301852,0.8428935766708342,0.014632989474924887,0.07295241968739047,0.02696374691365586,0.010842444192999089,7.429095962754466,0.18951840774316042,0.4775334725220448,0.39450370904948534,0.4755131719479775,2.3794824291050016
1979-09-30,25.600375953110593,0.4239864678505204,1.4268020239231771,5.7307112859004015,4.881349232323216,0.3641319065051427,0.5962583979079278,0.2702016999414277,0.334177377125234,0.3862161826733218,0.31534970303600746,0.34566461608095056,0.43441495093218074,0.48751496512542264,0.46749351780793597,0.9999933963405992,0.08512461559588652,0.026649903207924652,0.08471753328100246,0.07237502454822793,11.236605052033013,0.14038416644882176,0.3862161826733218,0.3031864192007623,0.3841958820992545,2.850781888114297
1979-12-31,15.84958273708988,0.3066095220778857,1.3094250781505425,4.1802452470706095,3.330883193493424,0.4,0.5355167555600089,0.37020710769331044,0.4341827848771167,0.4862215904252045,0.41535511078789017,0.4456700238328333,0.37367330858426184,0.42677332277750374,0.40675187546001706,0.8826164505679647,-0.007216494113444903,0.03275094344359402,0.011991937413061218,0.012787062570222479,8.913891136921606,0.2069462594154137,0.4862215904252045,0.40319182695264505,0.4842012898511372,2.498651050796393
1980-03-31,26.5907413032392,0.31106051731584544,1.3138760733885022,3.480715007082309,2.631352953505123,0.26177355174749195,0.4317594560848357,0.2771306941585861,0.3411063713423924,0.39314517689048023,0.3222786972531659,0.352593610298109,0.26991600910908864,0.32301602330233053,0.30299457598484386,0.8870674458059243,-0.0051827645126960795,0.04567420648773349,0.029934825254488828,0.016774419496623,9.748784305867687,0.19703628296381318,0.39314517689048023,0.3101154134179207,0.3911248763164129,2.5120040365102723
1980-06-30,30.01902645917969,0.45624060366911506,1.459056159741772,4.476461538583089,3.6270994850059033,0.4,0.5542507016255194,0.2846754012978113,0.3486510784816176,0.4006898840297054,0.32982340439239105,0.36013831743733415,0.39240725464977233,0.4455072688430142,0.42548582152552755,1.032247532159194,0.035212029366183575,0.059613476470822366,0.045340431655824485,0.03158834552042188,9.243201908290732,0.19652519029538745,0.4006898840297054,0.31766012055714593,0.3986695834556381,2.947544295570081
1980-09-30,22.688574670465883,0.3659427605669215,1.3687583166395783,3.5185333774894065,2.6691713239122206,0.4,0.58765315330943,0.32475707753993616,0.38873275472374247,0.4407715602718303,0.36990508063451594,0.40021999367945904,0.425809706333683,0.4789097205269249,0.4588882732094382,0.9419496890570004,0.04108039609410438,0.07081409365227007,0.03217368445211628,0.004329405324704289,6.268460498222044,0.22535288791988983,0.4407715602718303,0.35774179679927076,0.43875125969776296,2.6766507662635
1980-12-31,34.54527637149958,0.650643800430698,1.6534593565033548,4.817137980891067,3.967775927313881,0.4,0.6095580835022353,0.3006143990583478,0.3645900762421541,0.41662888179024193,0.3457624021529276,0.3760773151978707,0.4477146365264882,0.5008146507197301,0.4807932034022434,1.2266507289207769,0.059386133334373245,0.08240556546298847,0.01182848274743968,0.00013813719327459184,8.862287724379845,0.15644097104345608,0.41662888179024193,0.3335991183176824,0.4146085812161746,3.53075388585483
1981-03-31,15.92144470657703,0.45125235238598693,1.4540679084586436,3.950800291668723,3.101438238091537,0.3021124164539478,0.520165413991185,0.28068558564278173,0.34466126282658804,0.39670006837467586,0.3258335887373615,0.3561485017823046,0.35832196701543795,0.41142198120867984,0.39140053389119317,1.0272592808760659,0.012190043246350087,0.012948271469529357,0.04669951371355556,0.03208641811576719,8.655451028928725,0.18141820679101317,0.39670006837467586,0.31367030490211634,0.39467976780060854,2.9325795417206963
1981-06-30,17.92459374631183,0.5725612748182677,1.5753768308909244,1.84996595514469,1.0006039015675043,0.4,0.5328187800437028,0.3471268530630097,0.411102530246816,0.4631413357949038,0.39227485615758945,0.42258976920253255,0.3709753330679557,0.4240753472611976,0.40405389994371094,1.1485682033083466,0.009755951123298537,0.024275761490135453,0.047568106579640716,0.04105192213511031,2.6972248890311326,0.18591645254797257,0.4631413357949038,0.3801115723223443,0.4611210352208365,3.2965063090175386
1981-09-30,24.328347551046768,0.4081788938289233,1.41099444990158,4.386792421733907,3.537430368156721,0.4,0.6303246990185732,0.31571548619006295,0.3796911633738692,0.43172996892195703,0.3608634892846427,0.3911784023295858,0.46848125204282615,0.521581266236068,0.5015598189185814,0.9841858223190022,0.03535181952197031,0.11653069298151175,0.049938725868138016,0.04687684427006566,7.55084723824412,0.21171291665891878,0.43172996892195703,0.34870020544939756,0.4297096683478897,2.8033591660495056
1981-12-31,29.883865720663998,0.36994974027351196,1.3727652963461687,4.390164289270221,3.5408022356930346,0.4,0.5946330431767884,0.24367576559506143,0.3076514427788677,0.3596902483269555,0.28882376868964116,0.31913868173458426,0.4327895962010414,0.4858896103942833,0.4658681630767966,0.9459566687635909,0.04424833171566411,0.029403158185458106,0.03138298128707005,0.040807012160381816,8.181347857651007,0.17475076041512774,0.3596902483269555,0.27666048485439604,0.3576699477528882,2.6886717053832716
1982-03-31,22.058223763709904,0.3339677629149138,1.3367833189875706,2.3947245816381266,1.5453625280609409,0.4,0.5624553621669004,0.3697260813584432,0.43370175854224946,0.4857405640903373,0.41487408445302293,0.44518899749796603,0.40061191519115336,0.45371192938439525,0.4336904820669086,0.9099746914049928,0.007765250731126299,0.04145100997217108,0.03964580229686844,0.020784314324326043,3.8575051551413937,0.17609188125646377,0.4857405640903373,0.4027108006177778,0.48372026351626995,2.5807257733074773
1982-06-30,30.577398465552918,0.6868725043599156,1.6896880604325726,4.344627681829807,3.4952656282526213,0.3502690769885552,0.5126510061057137,0.21107558188296777,0.2750512590667741,0.3270900646148619,0.25622358497754755,0.28653849802249065,0.35080755912996664,0.40390757332320854,0.38388612600572186,1.2628794328499948,0.05883411965611737,0.06405736873609676,0.05144836888117514,0.03561748904532845,9.96348435855027,0.14802309825679993,0.3270900646148619,0.2440603011423024,0.3250697640407946,3.639439997642483
1982-09-30,19.573441243305492,0.3348821005081085,1.3376976565807652,3.081667955768636,2.23230590219145,0.377378010561176,0.5430617002373408,0.4103363770222545,0.4743120542060608,0.5263508597541486,0.4554843801168343,0.4857992931617774,0.38121825326159375,0.43431826745483565,0.414296820137349,0.9108890289981874,-0.033858593170967434,-0.009394984344190806,-0.010963378877332688,-0.03343158699314092,5.855716202182038,0.19858399145659794,0.5263508597541486,0.4433210962815891,0.5243305591800813,2.583468786087061
1982-12-31,24.283659086808083,0.543256602657219,1.5460721587298758,6.120649299099604,5.2712872455224185,0.4,0.6069262048692846,0.19781837044773676,0.261794047631543,0.31383285317963083,0.24296637354231648,0.2732812865872596,0.4450827578935376,0.49818277208677947,0.4781613247692928,1.1192635311472978,0.06942612379260119,0.07355294035302962,0.08757280898684217,0.0892651441200057,11.843386768047514,0.15605973910567142,0.31383285317963083,0.2308030897070714,0.3118125526055635,3.2085922925343926
1983-03-31,29.56181067477858,0.3481331265663912,1.350948682639048,4.3152466871024355,3.46588463352525,0.34137458588380054,0.5223301862398751,0.29038473493866107,0.3543604121224674,0.4063992176705552,0.33553273803324085,0.36584765107818396,0.3604867392641281,0.41358675345737,0.39356530613988333,0.9241400550564701,0.045453583624188956,0.04096756100136631,0.05461350656424936,0.06183547296132007,9.614458053575728,0.20678535554416833,0.4063992176705552,0.3233694541979957,0.4043789170964879,2.6232218642619096
1983-06-30,28.752706165577365,0.6195349821841154,1.6223505382567722,4.072500078031398,3.2231380244542125,0.4,0.5611202289618499,0.4259371362879332,0.48991281347173954,0.5419516190198274,0.471085139382513,0.5014000524274561,0.39927678198610284,0.45237679617934473,0.43235534886185806,1.1955419106741942,0.011580951495579306,0.04292203793657292,0.05241068775283528,0.054673805705169186,8.072440396913429,0.17452827463531254,0.5419516190198274,0.45892185554726783,0.53993131844576,3.437427431115082
1983-09-30,12.902513499382808,0.21369972118244243,1.2165152772550993,3.669328844438302,2.819966790861116,0.4,0.6001432928294732,0.4156514005518034,0.47962707773560964,0.5316658832836975,0.4607994036463831,0.4911143166913262,0.43829984585372617,0.49139986004696806,0.4713784127294814,0.7897066496725215,-0.011329478291340817,-0.006771891381391585,0.031818330974808136,0.034332123162987636,6.4338758444424,0.16412956998058353,0.5316658832836975,0.448636119811138,0.5296455827096301,2.219921648110063
1983-12-31,33.636842112176296,0.5314712430306978,1.5342867991033546,4.440142328735592,3.590780275158407,0.3840673181514677,0.5527942802018226,0.2688189260317947,0.33279460321560095,0.38483340876368877,0.3139669291263744,0.3442818421713175,0.3909508332260756,0.4440508474193175,0.4240294001018308,1.1074781715207767,0.05886680351292934,0.10640424030031007,0.09263667500142676,0.07955438784697254,9.184736212294915,0.15608132871231234,0.38483340876368877,0.3018036452911293,0.38281310818962144,3.173236213654829
1984-03-31,16.858852136935276,0.34544500336515155,1.3482605594378083,3.2730698304872843,2.4237077769100983,0.4,0.6006780077399072,0.4033527296858537,0.46732840686965993,0.5193672124177477,0.4485007327804334,0.4788156458253765,0.43883456076416016,0.49193457495740206,0.4719131276399154,0.9214519318552304,-0.011726191064796089,-0.0038068424833375327,0.02183279024163706,0.006205181690309021,5.523055824704415,0.19760013152527017,0.5193672124177477,0.4363374489451883,0.5173469118436804,2.6151574946581904
1984-06-30,25.145057722858862,0.2915512788361394,1.2943668349087962,2.8852468614105016,2.0358848078333156,0.3433447562667415,0.515508273340985,0.2976945006715682,0.3616701778553745,0.4137089834034623,0.34284250376614794,0.37315741681109105,0.353664826365238,0.4067648405584799,0.3867433932409932,0.8675582073262184,0.020864111340081065,0.04108684626205579,0.033337704741044076,0.03257077466445984,5.756537422047194,0.16801154517681816,0.4137089834034623,0.3306792199309028,0.41168868282939497,2.453476321071154
1984-09-30,26.154364976132207,0.5210279380547885,1.5238434941274455,4.029383959701171,3.180021906123985,0.4,0.6699164047368584,0.3707264746186502,0.4347021518024565,0.48674095735054435,0.41587447771323,0.4461893907581731,0.5080729577611113,0.5611729719543532,0.5411515246368666,1.0970348665448677,-0.015288651958592935,0.015140485162859148,0.027948663938946176,0.02015811851946784,6.258986741071912,0.15061933369794311,0.48674095735054435,0.4037111938779848,0.484720656776477,3.141906298727102
1984-12-31,21.150547659811195,0.24246168069044519,1.245277236763102,3.5973381766569466,2.7479761230797606,0.3497549798136595,0.5697979060382626,0.3773339075200648,0.44130958470387105,0.49334839025195887,0.4224819106146445,0.4527968236595876,0.4079544590625156,0.4610544732557575,0.4410330259382708,0.8184686091805241,0.02059577135734099,0.041389993158896514,0.019653867881453135,0.003854433683873805,6.7359874663329915,0.22100427156132196,0.49334839025195887,0.4103186267793994,0.49132808967789154,2.3062075266340716
1985-03-31,31.012624191716085,0.19221558259443722,1.195031138667094,5.080736474134848,4.231374420557662,0.4,0.6144909520110026,0.2792849265501761,0.3432606037339824,0.3952994092820702,0.32443292964475584,0.35474784268969894,0.45264750503525547,0.5057475192284974,0.4857260719110107,0.7682225110845161,0.03123637355641087,0.06356858816664435,0.05107578189163775,0.029713811892618423,9.348056431302084,0.1603049845351153,0.3952994092820702,0.3122696458095107,0.39327910870800287,2.1554692323460474
1985-06-30,29.146974102396463,0.3626878709105603,1.3655034269832171,4.633015426741685,3.783653373164499,0.4,0.6431238311677395,0.2995020357044177,0.36347771288822395,0.41551651843631177,0.3446500387989974,0.3749649518439405,0.4812803841919924,0.5343803983852343,0.5143589510677476,0.9386947994006393,0.0335626391111015,0.10423116500861714,0.032379902909256915,0.025676738873357675,7.86164052689736,0.18890441499208205,0.41551651843631177,0.3324867549637523,0.41349621786224444,2.666886097294417
1985-09-30,33.74247109113433,0.458714958597097,1.4615305146697537,5.861969410020488,5.0126073564433025,0.34052789903183217,0.5187227571614356,0.20659651299609397,0.27057219017990025,0.32261099572798807,0.2517445160906737,0.2820594291356168,0.3568793101856885,0.4099793243789304,0.38995787706144375,1.034721887087176,0.06409716211187616,0.0645943539608757,0.10156678309712025,0.09822919353607365,14.04566533665172,0.152192212284685,0.32261099572798807,0.2395812322554286,0.32059069515392075,2.9549673603540265
1985-12-31,28.690979931769164,0.489378308930148,1.4921938650028048,3.7874125635344504,2.9380505099572645,0.3769053612153267,0.54051405620162,0.39066043280355556,0.4546361099873618,0.5066749155354496,0.4358084358981353,0.4661233489430784,0.3786706092258729,0.4317706234191148,0.41174917610162814,1.065385237420227,0.0010375702973781653,0.1015981913832479,0.05812461362063059,0.05438436617204909,7.758855423090808,0.1453839452568565,0.5066749155354496,0.42364515206289016,0.5046546149613823,3.04695741135318
1986-03-31,28.203519865258638,0.5049740394343121,1.507789595506969,4.4375133866345715,3.5881513330573855,0.4,0.6410401636874467,0.25133258875197695,0.3153082659357832,0.367347071483871,0.2964805918465567,0.3267955048914998,0.47919671671169956,0.5322967309049415,0.5122752835874548,1.0809809679243911,0.055280353044644355,0.08680618803626336,0.06177846779766772,0.059456336936439716,7.4878462391805884,0.16050544727831673,0.367347071483871,0.28431730801131155,0.3653267709098037,3.093744602865672
1986-06-30,27.69665713946684,0.36582094569586726,1.368636501768524,4.690975615304683,3.841613561727497,0.4,0.6145152514395875,0.24503661639463353,0.30901229357843985,0.36105109912652766,0.2901846194892133,0.3204995325341564,0.4526718044638404,0.5057718186570823,0.48575037133959564,0.9418278741859462,0.012893068245483637,0.04151287531363228,0.0666311146191767,0.05422148358987977,8.486531575072656,0.16770666535951723,0.36105109912652766,0.27802133565396814,0.35903079855246034,2.6762853216503375
1986-09-30,29.62817403019634,0.4492511804690071,1.452066736541664,4.084829108754124,3.235467055176938,0.3650917666911764,0.5409994356839182,0.25294716704032827,0.3169228442241345,0.36896164977222234,0.298095170134908,0.3284100831798511,0.37915598870817113,0.43225600290141303,0.41223455558392635,1.0252581089590862,0.02221638718333428,0.11312141198421097,0.0529174228156831,0.038074213791547996,8.533340238672093,0.2014779017931004,0.36896164977222234,0.2859318862996629,0.366941349198155,2.9265760259697573
1986-12-31,20.10996632630614,0.16718690745436282,1.1700024635270196,2.7944293334556747,1.9450672798784887,0.4,0.584451002159873,0.3290046768521222,0.39298035403592846,0.4450191595840163,0.3741526799467019,0.40446759299164503,0.42260755518412596,0.47570756937736786,0.4556861220598812,0.7431938359444418,0.010166067605344612,0.028797373495287354,-0.006045876584669341,0.0035404514252557993,4.602537877087981,0.19671713297988572,0.4450191595840163,0.3619893961114568,0.44299885900994895,2.0803832069258243
1987-03-31,31.301893451331782,0.5004076949821006,1.5032232510547574,3.992586025883732,3.143223972306546,0.37933662628984005,0.5379438235921422,0.3776986035445693,0.44167428072837556,0.4937130862764634,0.422846606639149,0.45316151968409213,0.37610037661639517,0.42920039080963707,0.4091789434921504,1.0764146234721794,0.005411312512533309,0.09958690961131375,0.08153831491046037,0.0772901292144287,8.357407138447211,0.14499194966005752,0.4937130862764634,0.4106833228039039,0.49169278570239605,3.0800455695090374
1987-06-30,23.268232646224227,0.33492827774213085,1.3377438338147876,1.9329130407355382,1.0835509871583522,0.3947614297001794,0.5752009028195633,0.39604985876759846,0.4600255359514047,0.5120643414994925,0.4411978618621782,0.4715127749071213,0.4133574558438162,0.4664574700370581,0.44643602271957145,0.9109352062322097,0.03794409565427427,0.0039432795498856605,0.023141669188890705,0.020206882428188702,2.621341339897745,0.23273989611177615,0.5120643414994925,0.42903457802693307,0.5100440409254252,2.583607317789128
1987-09-30,21.23950024759972,0.48419173092859064,1.4870072870012474,4.215547445636327,3.3661853920591414,0.32298171948947524,0.48080316595131256,0.3312852286423714,0.3952609058261777,0.4472997113742655,0.37643323173695115,0.40674814478189425,0.3189597189755655,0.3720597331688074,0.35203828585132074,1.0601986594186696,0.006406570671615122,-0.005030347374488979,0.03599461098918046,0.03724908178415394,10.553637941714559,0.18862300983061678,0.4472997113742655,0.364269947901706,0.44527941080019817,3.0313976773485076
1987-12-31,24.08590224691168,0.4160116589648138,1.4188272150374706,3.6925057580515883,2.8431437044744023,0.34934295234672585,0.5146045668783208,0.3587261012424783,0.42270177842628454,0.47474058397437235,0.403874104337058,0.4341890173820011,0.35276111990257375,0.40586113409581565,0.38583968677832897,0.9920185874548927,0.025667659445406624,0.038506196138511986,0.012674463955641951,-0.002518316993251294,8.059685560754618,0.13708380580358068,0.47474058397437235,0.3917108205018129,0.47272028340030503,2.8268574614571773
1988-03-31,32.118801068413305,0.4124865440046759,1.4153021000773327,4.360478618256989,3.5111165646798037,0.4,0.5676194202291166,0.36451926686882985,0.4284949440526361,0.4805337496007239,0.4096672699634096,0.4399821830083527,0.40577597325336956,0.45887598744661146,0.4388545401291248,0.9884934724947548,0.040143264726991396,0.07418914086799065,0.025597436325694597,0.017628272741599664,8.652844909788278,0.18793093277404876,0.4805337496007239,0.39750398612816445,0.4785134490266566,2.8162821165767635
1988-06-30,22.956933468377844,0.35297501218631333,1.3557905682589702,3.1994555683034913,2.3500935147263053,0.32416562350824196,0.4661528676664162,0.39370859682675563,0.4576842740105619,0.5097230795586497,0.43885659992133536,0.46917151296627846,0.3043094206906692,0.3574094348839111,0.3373879875664244,0.9289819406763923,0.033987470844580675,-0.026256457931086226,0.032501262039833625,0.015565747100320774,7.72271035642757,0.18668191163128095,0.5097230795586497,0.42669331608609024,0.5077027789845824,2.6377475211216757
1988-09-30,30.307881605919285,0.6132818720389893,1.616097428111646,5.916928942010543,5.067566888433357,0.4,0.5614452964234017,0.2963870724053865,0.3603627495891928,0.4124015551372806,0.34153507549996626,0.37184998854490936,0.39960184944765464,0.45270186364089654,0.43268041632340987,1.1892888005290683,0.03772695383431072,0.12519972405394922,0.07967664309245803,0.0845478796625624,12.68154012659838,0.1810278091682999,0.4124015551372806,0.3293717916647211,0.4103812545632133,3.4186681006797035
1988-12-31,29.40002893311179,0.36629400174816446,1.3691095578208212,3.3803918793207446,2.5310298257435586,0.4,0.5943448838304527,0.41752468411084553,0.4815003612946518,0.5335391668427396,0.46267268720542526,0.49298760025036836,0.43250143685470566,0.48560145104794755,0.4655800037304609,0.9423009302382434,-0.02639031298621873,0.02516161031529613,0.00013369097341364624,-0.01756712542773875,5.8520726408449635,0.14687093531970122,0.5335391668427396,0.45050940337018014,0.5315188662686723,2.6777044898072293
1989-03-31,26.482791085706197,0.449666167197445,1.4524817232701017,3.8596165910978986,3.0102545375207126,0.4,0.638323846876187,0.30334084181642923,0.36731651900023554,0.41935532454832336,0.348488844911009,0.3788037579559521,0.47648039990043994,0.5295804140936818,0.5095589667761952,1.025673095687524,0.014374014326162966,0.06410584860503009,0.03662316237573813,0.014063749587130345,6.317688068910499,0.21780256034585926,0.41935532454832336,0.33632556107576383,0.41733502397425604,2.9278209861550706
1989-06-30,18.0351195809737,0.35136232027485254,1.3541778763475094,1.3091308169018685,0.4597687633246827,0.36885297241263987,0.5230171765892975,0.5875523654144565,0.6515280425982628,0.7035668481463506,0.6327003685090362,0.6630152815539794,0.36117372961355043,0.4142737438067923,0.39425229648930565,0.9273692487649315,-0.03312778326815388,0.011582944438623469,-0.0014077559609209228,-0.014181870642263224,1.2729850640483382,0.2092139786029158,0.7035668481463506,0.6205370846737912,0.7015465475722833,2.6329094453872934
1989-09-30,30.425253639189876,0.33159585080797693,1.3344114068806339,3.6879742301272938,2.838612176550108,0.4,0.5809636566996966,0.36383280018223546,0.4278084773660418,0.4798472829141296,0.40898080327681524,0.43929571632175834,0.4191202097239496,0.4722202239171915,0.4521987765997048,0.907602779298056,-0.0007105243310226023,0.06432190711765987,0.016002057550010815,0.020542901818301484,6.772787641091654,0.19888903309959038,0.4798472829141296,0.39681751944157007,0.47782698234006227,2.573610036986667
1989-12-31,22.37910751004157,0.44234350513105214,1.445159061203709,3.6390983367809935,2.7897362832038075,0.30804846083467025,0.4842163779532607,0.2901631389089961,0.3541388160928024,0.4061776216408902,0.33531114200357587,0.36562605504851897,0.3223729309775137,0.3754729451707556,0.3554514978532689,1.0183504336211313,0.007353212531837905,0.028987097823024013,0.037595433125927356,0.012430449579171289,8.653754751506721,0.151109361966437,0.4061776216408902,0.3231478581683307,0.4041573210668229,2.9058529999558926
1990-03-31,23.401786966952045,0.275983984947743,1.2787995410203998,3.4728685196092663,2.6235064660320804,0.3486364637127009,0.5397577565952252,0.33942067987268565,0.4033963570564919,0.4554351626045797,0.3845686829672654,0.4148835960122085,0.37791430961947814,0.43101432381272003,0.41099287649523336,0.851990913437822,-0.011310238121104113,-0.006201119290630601,0.026232396685742662,0.02726914652280061,6.942067022213815,0.19395333987078034,0.4554351626045797,0.37240539913202025,0.4534148620305124,2.406774439405965
1990-06-30,27.84622833134412,0.5518428774041009,1.5546584334767577,5.158136955004994,4.3087749014278085,0.4,0.5927619277965671,0.18851865501501197,0.2524943321988182,0.30453313774690605,0.2336666581095917,0.2639815711545348,0.43091848082082007,0.48401849501406197,0.4639970476965753,1.1278498058941797,0.0207255177562661,0.13383890674684326,0.06264682703288939,0.05240712171663963,9.999048760267577,0.14602573483695108,0.30453313774690605,0.2215033742743466,0.3025128371728387,3.2343511167750387
1990-09-30,27.557937142344127,0.25443671652297567,1.2572522725956325,4.0736307086050765,3.224268655027891,0.3639214356021911,0.5706809581050463,0.26972119219983803,0.3336968693836443,0.3857356749317321,0.31486919529441776,0.34518410833936086,0.4088375111292992,0.4619375253225411,0.44191607800505445,0.8304436450130547,0.008704309207759059,0.06011002893163622,0.005328051132505632,0.01628132808920295,7.886430592246174,0.16491368054976924,0.3857356749317321,0.30270591145917264,0.3837153743576648,2.342132634131663
1990-12-31,23.401164766008105,0.32022974140443494,1.3230452974770919,3.833246444596028,2.983884391018842,0.4,0.6070832947583878,0.39425419741248946,0.4582298745962957,0.5102686801443835,0.4394022005070692,0.4697171135520123,0.4452398477826408,0.4983398619758827,0.47831841465839603,0.896236669894514,0.028556345749344996,0.0599164322071777,-0.0010975167319098103,0.0014344308522184716,6.701746049638235,0.19470216284980532,0.5102686801443835,0.42723891667182406,0.5082483795703162,2.539511708776041
1991-03-31,19.85880610187119,0.31235313440451673,1.3151686904771736,3.850877265068714,3.0015152114915282,0.4,0.597577395223138,0.3546528927415664,0.4186285699253727,0.4706673754734605,0.39980089583614614,0.43011580888108925,0.435733948247391,0.4888339624406329,0.4688125151231462,0.8883600628945957,0.03108972655443179,0.004413683497740368,0.013026751352957958,-0.023075717134487216,6.888412581953328,0.21924211762525692,0.4706673754734605,0.387637612000901,0.46864707489939317,2.515881887776286
1991-06-30,29.69566283313883,0.4607081145259715,1.4635236705986283,4.012977599037012,3.1636155454598267,0.3550200880293037,0.4765902479682338,0.2892848466264816,0.35326052381028783,0.40529932935837565,0.3344328497210613,0.3647477627660044,0.31474680099248675,0.36784681518572865,0.347825367868242,1.0367150430160503,-0.002669874509459859,-0.004267027357830022,0.01642202466737399,-0.0009620408889232986,10.051303255454993,0.17174639795459115,0.40529932935837565,0.3222695658858162,0.4032790287843083,2.96094682814065
1991-09-30,20.697154803378226,0.3920768220791448,1.3948923781518017,4.64516741634605,3.7958053627688644,0.4,0.6438744111154077,0.2997182386934474,0.36369391587725364,0.41573272142534146,0.3448662417880271,0.3751811548329702,0.48203096413966057,0.5351309783329025,0.5151095310154158,0.9680837505692238,0.016959082672309295,0.09422327758661808,0.042610826937258366,0.038331149538441175,7.874608988125277,0.18446138976129658,0.41573272142534146,0.332702957952782,0.41371242085127413,2.75505295080017
1991-12-31,27.207675141966263,0.5192450560977384,1.5220606121703952,3.103674746845486,2.2543126932683,0.4,0.5688755028282999,0.39329824231575333,0.45727391949955964,0.5093127250476475,0.4384462454103331,0.4687611584552762,0.40703205585255287,0.46013207004579476,0.4401106227283081,1.0952519845878173,0.01038674299156428,0.04460309191221008,0.055535620820546645,0.056437588329174324,5.538415613351406,0.21112584320051367,0.5093127250476475,0.42628296157508794,0.5072924244735801,3.1365576528559513
1992-03-31,36.987668255094086,0.5378770388574019,1.5406925949300587,3.5825669352738774,2.7332048816966914,0.4,0.6692809084392656,0.27073629320061454,0.3347119703844208,0.3867507759325086,0.31588429629519427,0.34619920934013737,0.5074374614635184,0.5605374756567604,0.5405160283392737,1.1138839673474807,0.022542778391277028,0.03356237609442841,0.013419546336661415,4.9809471963968826e-05,5.386289127755286,0.17824839200312748,0.3867507759325086,0.30372101245994915,0.3847304753584413,3.1924536011349414
1992-06-30,23.169165024020064,0.3755433910423848,1.3783589471150417,4.022436683071106,3.1730746294939207,0.3805432263996249,0.5413023440915428,0.3482880699323097,0.412263747116116,0.46430255266420384,0.3934360730268895,0.4237509860718326,0.3794588971157957,0.4325589113090376,0.41253746399155095,0.9515503195324638,0.019173170603313926,0.04183867010516231,0.029839267998864428,0.018862231820005747,8.362103652363762,0.14140036491667676,0.46430255266420384,0.3812727891916443,0.4622822520901365,2.7054526576898903
1992-09-30,20.839432869348528,0.4538369078645135,1.4566524639371703,4.654771628174879,3.805409574597694,0.4,0.5462974694034041,0.1908415026659703,0.2548171798497766,0.3068559853978644,0.23598950576055006,0.26630441880549316,0.384454022427657,0.4375540366208989,0.41753258930341225,1.0298438363545923,0.07917478613616573,0.061574639518986854,0.052061958675552245,0.05326835453000887,9.898217608878733,0.14360088992253683,0.3068559853978644,0.22382622192530494,0.3048356848237971,2.940333208156276
1992-12-31,27.844739454123918,0.3593281960324902,1.3621437521051472,2.1877036721469754,1.3383416185697894,0.3689145244302038,0.546456913433464,0.3996856362918347,0.463661313475641,0.5157001190237288,0.44483363938641446,0.47514855243135756,0.384613466457717,0.4377134806509589,0.4176920333334722,0.9353351245225693,-0.00874927277175768,0.042640007321699445,0.038209895607801705,0.01784719110658574,3.4797055623036064,0.1897802774719695,0.5157001190237288,0.4326703555511693,0.5136798184496615,2.656807072660207
1993-03-31,25.768429203181626,0.7137276179928116,1.7165431740654684,5.161282134356744,4.311920080779559,0.4,0.6126351408741,0.25732310328167013,0.32129878046547644,0.37333758601356426,0.3024711063762499,0.332786019421193,0.4507916938983529,0.5038917080915948,0.4838702607741081,1.2897345464828907,0.016637588961953696,0.0015522496930355234,0.06738113444751989,0.05081968538757876,9.565216349686859,0.1562197069220263,0.37333758601356426,0.29030782254100473,0.37131728543949694,3.7200053385411707
1993-06-30,28.34499965999793,0.26734953479736057,1.2701650908700173,4.34820833181651,3.4988462782393244,0.37911300083163013,0.5529359970607312,0.36130710768852753,0.42528278487233384,0.47732159042042166,0.4064551107831073,0.4367700238280504,0.3910925500849841,0.444192564278226,0.42417111696073934,0.8433564632874394,-0.00018560843211738037,0.07002676643766596,0.0649653823057293,0.04009123702979818,8.946338347480738,0.153701400959529,0.47732159042042166,0.39429182694786213,0.47530128984635434,2.3808710889548172
1993-09-30,19.261902982985866,0.36188997108643034,1.364705527159087,3.2343990784497687,2.3850370248725827,0.3036375128541055,0.4810334007238164,0.37612419008766196,0.4400998672714682,0.49213867281955603,0.4212721931822417,0.4515871062271848,0.31918995374806935,0.37228996794131125,0.3522685206238246,0.9378968995765092,0.0071718674162371595,0.05331803665458319,0.015617415049295636,-0.002994041828540175,7.472155676788774,0.21392084705698317,0.49213867281955603,0.40910890934699656,0.4901183722454887,2.664492397822027
1993-12-31,27.346008483647253,0.6648243072164834,1.6676398632891403,5.3642228382831245,4.514860784705939,0.4,0.6374413403594213,0.2720577874411624,0.33603346462496864,0.38807227017305646,0.3172057905357421,0.3475207035806852,0.47559789338367425,0.5286979075769161,0.5086764602594295,1.2408312357065623,0.03224664361847247,0.10543568154951034,0.0718683058623394,0.053135080067604194,9.493020990031408,0.17648188385255484,0.38807227017305646,0.305042506700497,0.38605196959898913,3.5732954062121864
1994-03-31,24.71393346133131,0.5042075646587714,1.5070231207314282,4.242996736866137,3.393634683288951,0.4,0.6586352884898647,0.25614285569343503,0.32011853287724135,0.37215733842532916,0.3012908587880148,0.3316057718329579,0.49679184151411765,0.5498918557073595,0.5298704083898729,1.0802144931488504,0.04652511179309231,0.07404284896229703,0.07622298993148963,0.07297381936313588,6.8310998686006235,0.18455210918491557,0.37215733842532916,0.28912757495276964,0.37013703785126184,3.09144517853905
1994-06-30,25.944535938459932,0.460371683233078,1.4631872393057348,4.567443191831182,3.7180811382539964,0.38921815709925367,0.48120519626591257,0.29659604946194434,0.36057172664575066,0.4126105321938385,0.3417440525565241,0.37205896560146723,0.31936174929016553,0.3724617634834074,0.35244031616592075,1.036378611723157,0.028890230742642447,0.03603386403407215,0.034743893808550606,0.026088544495286407,11.642224363180777,0.18028043263415924,0.4126105321938385,0.32958076872127895,0.41059023161977115,2.95993753426197
1994-09-30,19.40783736403531,0.5756597832409488,1.5784753393136057,3.540118725832253,2.690756672255067,0.3884072531039977,0.5541861571729987,0.4128320555173373,0.4768077327011436,0.5288465382492314,0.4579800586119171,0.4882949716568602,0.39234271019725164,0.44544272439049354,0.42542127707300686,1.151666711731028,0.018338613278976467,0.10138561499759521,0.04953677444276979,0.04151760770878767,6.858179347597105,0.19133748344952706,0.5288465382492314,0.4458167747766719,0.5268262376751641,3.3058018342855826
1994-12-31,24.970110676307606,0.2841530408321824,1.2869685969048392,3.7354900038909364,2.8861279503137505,0.4,0.549028532627835,0.3148114419636055,0.3787871191474118,0.43082592469549963,0.3599594450581853,0.3902743581031284,0.387185085652088,0.4402850998453299,0.4202636525278432,0.8601599693222614,0.027437521386998516,0.042868841114290984,0.05240548342113092,0.06377325661939298,7.454129968495563,0.19883720696612672,0.43082592469549963,0.3477961612229401,0.4288056241214323,2.431281607059283
1995-03-31,36.767598682842,0.5771690584913653,1.5799846145640222,4.355386304124108,3.506024250546923,0.4,0.5713373155147103,0.33805275139564234,0.40202842857944865,0.45406723412753647,0.3832007544902221,0.4135156675351652,0.4094938685389633,0.4625938827322052,0.4425724354147185,1.1531759869814442,-0.006102340239113099,0.008071708972155867,0.0488249737732495,0.04874880695671628,8.561847978471807,0.17026998756724884,0.45406723412753647,0.37103747065497694,0.45204693355346914,3.3103296600368317
1995-06-30,31.322355634192185,0.5098134225057559,1.5126289785784128,4.178316904223122,3.3289548506459363,0.4,0.6628183242710339,0.3444122799094893,0.40838795709329556,0.4604267626413834,0.38956028300406903,0.41987519604901213,0.5009748772952868,0.5540748914885287,0.5340534441710421,1.085820350995835,-0.010444111215333247,0.06689456918053557,0.03921990361433421,0.030023377297116256,6.64495367236503,0.169995252122934,0.4604267626413834,0.3773969991688239,0.45840646206731606,3.108262752080004
1995-09-30,27.277069995464046,0.3359516666626575,1.3387672227353145,4.023435171586498,3.174073118009312,0.4,0.6393866038114644,0.35279378022545643,0.41676945740926274,0.46880826295735056,0.3979417833200362,0.4282566963649793,0.4775431568357173,0.5306431710289592,0.5106217237114725,0.9119585951527366,0.01971983074446555,0.0745411049303695,0.019261764248496294,-0.005650066189944063,6.646672813911237,0.18354732403930946,0.46880826295735056,0.38577849948479104,0.46678796238328324,2.586677484550709
1995-12-31,33.80706691685509,0.4361678673976644,1.4389834234703212,6.03425606350353,5.184894009926344,0.4,0.633246320660227,0.13879128135499424,0.20276695853880053,0.2548057640868883,0.18393928444957403,0.21425419749451705,0.4714028736844799,0.5245028878777218,0.5044814405602351,1.0121747958877432,0.048572060297787795,0.10803515416727193,0.06712824650899482,0.057374635557352144,10.998859572919585,0.12937214892097995,0.2548057640868883,0.17177600061432888,0.25278546351282105,2.887326086755729
1996-03-31,26.783042601694913,0.3774688627372498,1.3802844188099066,5.167236427191726,4.317874373614541,0.3619121577208974,0.5175314728197501,0.3834050298407763,0.44738070702458255,0.49941951257267037,0.428553032935356,0.4588679459802991,0.35568802584400305,0.40878804003724495,0.3887665927197583,0.9534757912273287,0.03575584279574281,0.12796144941723941,0.05165717900894149,0.04087761967069985,12.139498830101932,0.1939743050717229,0.49941951257267037,0.4163897491001109,0.49739921199860304,2.7112290727744854
1996-06-30,29.968626508811965,0.37349966309543975,1.3763152191680965,3.4306156061147806,2.5812535525375946,0.3830275531870918,0.5434011231713805,0.39914639992396667,0.463122077107773,0.5151608826558608,0.44429440301854645,0.47460931606348955,0.3815576761956334,0.4346576903888753,0.41463624307138863,0.9495065915855186,0.010812350240283906,-0.007737064173879864,0.04432917064426559,0.03882784089274342,6.7650416007202185,0.1727473613739305,0.5151608826558608,0.43213111918330127,0.5131405820817935,2.699321473849055
1996-09-30,16.47848390916431,0.25379950196335316,1.25661505803601,2.5923496098325667,1.7429875562553807,0.39080198044915526,0.5614880135373294,0.345280730574502,0.4092564077583083,0.4612952133063961,0.39042873366908176,0.42074364671402487,0.3996445665615823,0.4527445807548242,0.43272313343733754,0.8298064304534322,-0.01013395999058539,-0.01170817300232075,0.013663936382602968,-0.006617571462701751,4.361344309648707,0.1924447729731522,0.4612952133063961,0.3782654498338366,0.4592749127323288,2.3402209904527953
1996-12-31,22.25786190814104,0.653232404948861,1.656047961021518,4.670130036353797,3.8207679827766112,0.36422444795768183,0.5537701705679651,0.36067506730835724,0.42465074449216356,0.4766895500402514,0.405823070402937,0.43613798344788013,0.39192672359221803,0.4450267377854599,0.42500529046797325,1.2292393334389402,0.0008439513240139813,0.05149482279837449,0.040382833465269524,0.02262357802093805,9.748679415777595,0.17287826696141248,0.4766895500402514,0.39365978656769185,0.47466924946618405,3.5385196994093193
1997-03-31,31.213193685286413,0.34351464699886036,1.3463302030715172,3.6815858988036307,2.8322238452264448,0.4,0.5992057855615581,0.3198654238716098,0.38384110105541613,0.43587990660350395,0.3650134269661896,0.3953283400111327,0.4373623385858111,0.490462352779053,0.4704409054615663,0.9195215754889393,0.027780779961865038,0.01988584864019116,0.010653009243231877,-0.003341195769041898,6.47569211008039,0.17936891174528022,0.43587990660350395,0.3528501431309444,0.43385960602943663,2.609366425559317
1997-06-30,23.594267233278778,0.16050127678286077,1.1633168328555177,3.730052515437959,2.880690461860773,0.3619213985885983,0.5178901902420773,0.36412097354799255,0.4280966507317988,0.48013545627988663,0.4092689766425723,0.4395838896875154,0.35604674326633023,0.40914675745957213,0.38912531014208546,0.7365082052729398,0.04541316735944387,0.03181718529320546,0.013606223334162807,0.011771645846846899,8.090764812040305,0.2165601740824678,0.48013545627988663,0.39710569280732716,0.4781151557058193,2.0603263149113182
1997-09-30,28.31007557019167,0.43103515571819984,1.4338507117908565,4.427483134604627,3.578121081027441,0.4,0.5409636536721211,0.2966076639344579,0.3605833411182642,0.412622146666352,0.34175566702903765,0.37207058007398075,0.37912020669637403,0.4322202208896159,0.41219877357212925,1.0070420842082788,0.04460849756790104,0.021440818478156085,0.07794694531071612,0.07319060404348854,9.437959301106444,0.17623648941826336,0.412622146666352,0.3295923831937925,0.4106018460922847,2.871927951717335
1997-12-31,23.224054945576796,0.4839504889474355,1.4867660450200924,4.292144107898216,3.4427820543210306,0.4,0.5808706284156842,0.37766760759323986,0.4416432847770462,0.493682090325134,0.42281561068781964,0.45313052373276275,0.4190271814399371,0.472127195633179,0.45210574831569234,1.0599574174375146,0.01131256989876846,0.059795055339094114,0.02675028756028193,0.011062802980837741,8.216130615895416,0.17320337843498013,0.493682090325134,0.41065232685257447,0.49166178975106667,3.0306739514050425
1998-03-31,17.88461177860884,0.4570400082840498,1.4598555643567066,3.9553773806745833,3.1060153270973974,0.36429140468550386,0.5144752221738759,0.44550399460858525,0.5094796717923915,0.5615184773404793,0.490651997703165,0.5209669107481081,0.3526317751981288,0.4057317893913707,0.38571034207388405,1.0330469367741286,0.039276009801185834,0.05733324676967015,0.03621568411044881,0.019150145974622994,8.808098264406999,0.20759842435494744,0.5615184773404793,0.47848871386791986,0.559498176766412,2.9499425094148854
1998-06-30,26.542642131349762,0.3595522243349829,1.3623677804076397,4.364165830007993,3.514803776430807,0.4,0.6640735522473924,0.38264293778366054,0.4466186149674668,0.4986574205155546,0.42779094087824027,0.45810585392318337,0.5022301052716452,0.5553301194648872,0.5353086721474005,0.9355591528250619,0.04179877329633509,0.03645703121139738,0.06497347668934748,0.07699974264198134,6.998393245521845,0.18426654581658172,0.4986574205155546,0.41562765704299515,0.4966371199414873,2.6574791575676846
1998-09-30,24.603963645695924,0.3389536981523634,1.3417692542250204,4.811921268523206,3.9625592149460207,0.4,0.5714747737576986,0.372115527474165,0.43609120465797124,0.48813001020605906,0.4172635305687447,0.4475784436136878,0.4096313267819516,0.4627313409751935,0.4427098936577068,0.9149606266424425,0.021213019999428914,0.028646354879857155,0.055578321932144265,0.045643157110251055,9.673476992288988,0.1892600676899907,0.48813001020605906,0.4051002467334996,0.48610970963199174,2.5956835790198265
1998-12-31,25.357826471441037,0.2939321840182489,1.2967477400909058,2.680149911727331,1.8307878581501453,0.4,0.6243752941986538,0.3876308310673792,0.45160650825118553,0.5036453137992734,0.432778834161959,0.4630937472069021,0.4625318472229067,0.5156318614161486,0.4956104140986619,0.8699391125083279,-0.012084187672430798,-0.008752297564914413,0.02808874229730984,0.023697166892085883,3.958187677545669,0.20824340615791684,0.5036453137992734,0.4206155503267138,0.501625013225206,2.4606190366174827
1999-03-31,29.86876111309563,0.2453664953876554,1.2481820514603121,3.659058120028559,2.809696066451373,0.4,0.6269827441054296,0.29203957149691945,0.35601524868072576,0.4080540542288136,0.33718757459149923,0.36750248763644233,0.46513929712968255,0.5182393113229244,0.49821786400543777,0.8213734238777343,0.014167519752453783,0.01123852034446457,0.05866925063242105,0.030487484766271996,6.040547603244152,0.1649250434947832,0.4080540542288136,0.32502429075625405,0.40603375365474625,2.314921970725702
1999-06-30,13.55010853437015,0.39901634848852024,1.4018319045611771,3.71762548079951,2.868263427222324,0.4,0.5936133549837196,0.3467824432653026,0.41075812044910887,0.4627969259971967,0.39193044635988233,0.42224535940482544,0.43176990800797255,0.48486992220121444,0.46484847488372777,0.9750232769785993,-0.011813930497872379,0.06230892235061299,0.0449075941992795,0.05341577417336821,6.6430368907723,0.1680415765555588,0.4627969259971967,0.3797671625246372,0.46077662542312936,2.775871530028297
1999-09-30,22.653998731551074,0.26675490712223926,1.269570463194896,2.772603811732224,1.923241758155038,0.3360385239019694,0.5557156987495976,0.2876777108173377,0.351653388001144,0.4036921935492318,0.33282571391191745,0.36314062695686056,0.39387225177385055,0.44697226596709244,0.42695081864960577,0.8427618356123182,-0.015220115396851024,0.0845898824197227,0.032069143707927183,0.0010592241051373547,4.882907464269163,0.19000547348679364,0.4036921935492318,0.3206624300766723,0.4016718929751645,2.3790872059294537
1999-12-31,31.14896870105144,0.43374358689623493,1.4365591429688918,4.2424650064750695,3.393102952897884,0.38746275193941276,0.5437605584005925,0.3100680197592947,0.374043696943101,0.42608250249118884,0.3552160228538745,0.3855309358988176,0.3819171114248454,0.4350171256180873,0.41499567830060063,1.009750515386314,0.04324167490100652,0.10033073044567485,0.07054671745168924,0.055982450066267356,8.884396250901126,0.16509349186935726,0.42608250249118884,0.3430527390186293,0.4240622019171215,2.8800532452514407
2000-03-31,26.99387194716442,0.22580522930564104,1.2286207853782978,4.485705773093491,3.6363437195163053,0.4,0.6063983182491421,0.27653447476769155,0.3405101519514978,0.3925489574995856,0.3216824778622713,0.3519973909072144,0.4445548712733951,0.497654885466637,0.4776334381491503,0.8018121577957199,0.03232226860084807,0.027326343983081924,0.07108072258370568,0.06728825571427861,8.179741027469259,0.20930079126037535,0.3925489574995856,0.30951919402702616,0.3905286569255183,2.2562381724796587
2000-06-30,32.71531660573852,0.5519997743222514,1.5548153303949084,6.235420660942885,5.386058607365699,0.4,0.6269404484154697,0.26535667764724896,0.3293323548310553,0.3813711603791431,0.31050468074182874,0.34081959378677185,0.4650970014397226,0.5181970156329645,0.4981755683154778,1.1280067028123306,0.044166324192360225,0.03838758223491283,0.04723858022458604,0.021415392171209805,11.580505981962865,0.14487777963266835,0.3813711603791431,0.29834139690658357,0.37935085980507577,3.2348218075294906
2000-09-30,22.58264209141589,0.35848533909743635,1.3613008951700931,3.59409540464975,2.744733351072564,0.4,0.6086586008423542,0.3572240729039999,0.4211997500878062,0.473238555635894,0.40237207599857966,0.43268698904352276,0.4468151538666072,0.4999151680598491,0.4798937207423624,0.9344922675875152,-0.011808998275208753,0.041258815481680505,-0.0036792754579628925,-0.0331134792391763,6.142883309396396,0.1847495717175104,0.473238555635894,0.3902087921633345,0.4712182550618267,2.6542785018550448
2000-12-31,25.308584526853306,0.344644064194523,1.3474596202671798,4.680809629180083,3.831447575602897,0.4,0.5893084644670651,0.37646707486663433,0.4404427520504406,0.4924815575985284,0.42161507796121406,0.45192999100615716,0.42746501749131804,0.48056503168455994,0.46054358436707327,0.9206509926846019,0.06316508471388617,0.08104232868649522,0.038419466728067314,0.03164448680390436,8.96318393043874,0.15442260759928977,0.4924815575985284,0.40945179412596894,0.4904612570244611,2.612754677146305
2001-03-31,20.755155450383853,0.6650760059337341,1.6678915620063908,4.512162567830276,3.6628005142530906,0.4,0.6027890920172322,0.31817994238838304,0.38215561957218935,0.43419442512027717,0.3633279454829628,0.3936428585279059,0.44094564504148515,0.49404565923472704,0.47402421191724037,1.241082934423813,0.019182605496401082,0.0064848574677173546,0.021375858835614492,-0.007478450650719766,8.306693932555987,0.17720204515475227,0.43419442512027717,0.35116466164771765,0.43217412454620985,3.5740505023639377
2001-06-30,25.395601493579754,0.6363681125992916,1.6391836686719485,5.071266465547116,4.2219044119699305,0.4,0.6208953569765452,0.2259572225914108,0.2899328997752171,0.3419717053233049,0.27110522568599055,0.30142013873093365,0.4590519100007981,0.51215192419404,0.4921304768765533,1.2123750410893708,0.08018764363498938,0.13945205468662644,0.06716334822177544,0.041899723103636925,9.197008704228223,0.12845405783357755,0.3419717053233049,0.2589419418507454,0.3399514047492376,3.487926822360611
2001-09-30,25.918913057894702,0.24845225518865055,1.2512678112613074,3.976964933801017,3.127602880223831,0.4,0.5723266749201856,0.3125338636879349,0.37650954087174116,0.428548346419829,0.3576818667825146,0.3879967798274577,0.4104832279444386,0.4635832421376805,0.4435617948201938,0.8244591836787295,0.020816850721238043,0.004270175498346424,0.04408317001222152,0.04171344078617575,7.61931954171626,0.18306840817188247,0.428548346419829,0.3455185829472695,0.42652804584576165,2.3241792501286875
2001-12-31,19.6731303319145,0.4217106963388605,1.4245262524115172,3.7218853137314096,2.8725232601542237,0.3316912271858367,0.5145966180690057,0.37284911208716104,0.43682478927096735,0.48886359481905517,0.4179971151817408,0.4483120282266839,0.35275317109325866,0.40585318528650055,0.3858317379690139,0.9977176248289393,-0.000772672201966253,0.007389232061306792,0.044222255187995,0.028583719272646295,8.143153614329393,0.20131701616795772,0.48886359481905517,0.40583383134649564,0.48684329424498785,2.843954573579317
2002-03-31,19.36689338642846,0.40327066404977685,1.4060862201224338,4.786553077565592,3.9371910239884063,0.4,0.5849793134494324,0.31498376216113483,0.37895943934494114,0.43099824489302896,0.3601317652557146,0.3904466783006577,0.4231358664736854,0.4762358806669273,0.4562144333494406,0.9792775925398559,0.05897927666214768,0.09290514773295168,0.06657446707888069,0.05581773480572887,9.304791524292252,0.13138397314677205,0.43099824489302896,0.34796848142046943,0.42897794431896163,2.7886344767120668
2002-06-30,16.491887820869565,0.35860017119546145,1.3614157272681182,2.638842806526434,1.789480752949248,0.4,0.47035811540147,0.395872802957811,0.4598484801416173,0.5118872856897051,0.44102080605239075,0.47133571909733385,0.30851466842572295,0.36161468261896484,0.34159323530147817,0.9346070996855403,0.006422402979125778,0.04409892719896423,0.0036471130038197835,0.005623312227131052,5.800310118415254,0.16968110124827313,0.5118872856897051,0.4288575222171456,0.5098669851156378,2.65462299814912
2002-09-30,21.724474481846883,0.4190756536877006,1.4218912097603575,4.70831377203309,3.8589517184559043,0.3154378864233468,0.4874504830426035,0.2734849548033425,0.3374606319871488,0.38949943753523664,0.3186329578979223,0.3489478709428654,0.3256070360668565,0.3787070502600984,0.3586856029426117,0.9950825821777797,0.008457099754277195,0.08051944991623085,0.04406162472273981,0.03835221561641397,11.851561210315955,0.11882739739557949,0.38949943753523664,0.3064696740626771,0.3874791369611693,2.836049445625838
2002-12-31,25.286070277128594,0.40953902376992773,1.4123545798425845,2.299534764936147,1.4501727113589609,0.2768025593047827,0.45044047617733224,0.3285941797710661,0.39256985695487234,0.44460866250296016,0.3737421828656458,0.4040570959105889,0.2885970292015852,0.3416970433948271,0.3216755960773404,0.9855459522600066,0.03797116738441448,0.07093660413034314,0.04241735452404273,0.01784835356463508,5.024905195216041,0.1818198748637861,0.44460866250296016,0.3615788990304007,0.44258836192889284,2.807439555872519
2003-03-31,17.698592508865474,0.582196842650996,1.5850123987236528,4.033180367055925,3.183818313478739,0.4,0.7203531268769963,0.28596001654108966,0.34993569372489597,0.4019744992729838,0.33110801963566944,0.36142293268061254,0.5585096799012491,0.6116096940944911,0.5915882467770044,1.1582037711410749,0.03324609512420896,0.1046391105315647,0.008942148018871693,-0.0008890680378671103,5.700560667169949,0.16325492364392197,0.4019744992729838,0.31894473580042426,0.39995419869891646,3.3254130125157237
2003-06-30,24.013605646642766,0.4114840593986417,1.4142996154712986,5.121160222448815,4.271798168871629,0.4,0.6064085749533661,0.2702747817411279,0.3342504589249342,0.38628926447302203,0.3154227848357077,0.3457376978806508,0.44456512797761905,0.49766514217086094,0.47764369485337427,0.9874909878887207,0.06590184459116483,0.07776077890211362,0.037296865568480594,0.0335303286496749,9.608936688994389,0.1532177490267916,0.38628926447302203,0.3032595010004625,0.3842689638989547,2.813274662758661
2003-09-30,26.34276086693054,0.5363982500661205,1.5392138061387772,3.6001992699076677,2.7508372163304817,0.4,0.6635005774186116,0.28231191665459526,0.3462875938384016,0.3983263993864894,0.32745991974917504,0.35777483279411815,0.5016571304428644,0.5547571446361064,0.5347356973186197,1.1124051785561995,0.029214791469327362,0.015290021433246592,-0.0005427647711249012,-0.009108769711147,5.483500680837596,0.16955017709377246,0.3983263993864894,0.31529663591392987,0.39630609881242207,3.188017234761097
2003-12-31,24.571822598083724,0.2973994023990084,1.3002149584716651,4.436480973303705,3.5871189197265188,0.4,0.5509054262638662,0.1843012991503759,0.2482769763341822,0.30031578188227,0.2294493022449557,0.25976421528989874,0.38906197928811914,0.44216199348136104,0.42214054616387436,0.8734063308890873,0.035369536938120075,0.07849301529371505,0.07476755128258865,0.060472484429829,9.219916390416769,0.16988485367628384,0.30031578188227,0.21728601840971054,0.2982954813082027,2.471020691759761
2004-03-31,27.455888610414668,0.39096600466147835,1.3937815607341353,4.090490846839902,3.2411287932627166,0.4,0.6064825110072947,0.2931082076065279,0.35708388479033415,0.40912269033842197,0.3382562107011076,0.3685711237460507,0.4446390640315476,0.4977390782247895,0.47771763090730285,0.9669729331515574,-0.0018939294114968808,0.08302326334610408,0.05614139589861532,0.05514904046347844,7.289347822648248,0.15921041510168746,0.40912269033842197,0.3260929268658625,0.40710238976435464,2.7517204985471713
2004-06-30,33.150151176741616,0.26401262775850287,1.2668281838311597,2.6517714234583054,1.8024093698811194,0.4,0.5918379854839593,0.3691954315710847,0.43317110875489095,0.4852099143029788,0.4143434346656644,0.4446583477106075,0.42999453850821223,0.4830945527014541,0.46307310538396745,0.8400195562485818,0.05028464565220072,0.041171076336450306,-0.021604183360706113,-0.03779727528762575,4.191702936819269,0.18607944376932745,0.4852099143029788,0.4021801508304193,0.48318961372891145,2.3708603678382447
2004-09-30,25.19374930492144,0.5893947350236048,1.5922102910962617,4.227344905548795,3.377982851971609,0.4,0.6211212809865527,0.3668822378612802,0.4308579150450865,0.48289672059317434,0.41203024095586,0.4423451540008031,0.45927783401080563,0.5123778482040475,0.49235640088656085,1.1654016635136837,-0.0034496873866620217,0.06234166518721914,0.048938679703992335,0.040725274241859004,7.354987769542856,0.18313498468864065,0.48289672059317434,0.3998669571206148,0.480876420019107,3.3470066896335506
2004-12-31,24.77883043156284,0.49998275984318297,1.5027983159158398,3.068397933828427,2.219035880251241,0.3581203674963822,0.4760928217448384,0.36940560373261566,0.4333812809164219,0.48542008646450974,0.4145536068271954,0.4448685198721385,0.31424937476909137,0.36734938896233327,0.3473279416448466,1.0759896883332618,-0.012446286073727261,0.017312876056129134,0.001923262729622545,-0.0006279482818650163,7.061385187740711,0.21199742818525014,0.48542008646450974,0.40239032299195027,0.4833997858904424,3.078770764092285
2005-03-31,13.097337260694513,0.1703807023988001,1.173196258471457,3.530966140650287,2.681604087073101,0.4,0.6067122150968941,0.3925361697216578,0.4565118469054641,0.5085506524535519,0.43768417281623756,0.46799908586118066,0.44486876812114706,0.49796878231438896,0.4779473349969023,0.7463876308888792,-0.02032179013112153,-0.0008851167281424925,-0.023154902255419482,-0.04572011110367215,6.027854233055183,0.16323735274545828,0.5085506524535519,0.4255208889809924,0.5065303518794846,2.0899645917591365
2005-06-30,22.222486199336583,0.4794840809827597,1.4822996370554165,3.92911006602751,3.079748012450324,0.39785836129488655,0.5725767981679667,0.28240385306144994,0.34637953024525625,0.39841833579334407,0.3275518561560297,0.3578667692009728,0.41073335119221965,0.46383336538546155,0.4438119180679749,1.0554910094728385,0.008531423996092129,0.06191576755564494,0.08640673776423148,0.07452133208001732,7.498168832676625,0.20748681082696496,0.39841833579334407,0.31538857232078454,0.39639803521927675,3.017274727511015
2005-09-30,28.774891324594925,0.3225821329086863,1.3253976889813432,4.656692703226866,3.8073306496496797,0.3717185212280642,0.5302175888672365,0.20269717089732686,0.2666728480811331,0.31871165362922094,0.2478451739919066,0.2781600870368497,0.3683741418914894,0.4214741560847313,0.40145270876724465,0.8985890613987654,0.0054555915018725185,0.07658876688467506,0.0401073593420465,0.0495999653688933,10.335499202251798,0.1647937056672851,0.31871165362922094,0.2356818901566615,0.3166913530551536,2.546568883288795
2005-12-31,20.945622674068858,0.3960236913752573,1.398839247447914,3.0239722950534307,2.1746102414762447,0.4,0.5623834286568467,0.4351292686221167,0.499104945805923,0.5511437513540108,0.4802772717166965,0.5105921847616396,0.4005399816810996,0.4536399958743415,0.43361854855685483,0.9720306198653362,-0.030853354094239272,0.0014138634083353451,0.0002289219902569077,-0.026460159733694893,5.429196437142741,0.17198544610819164,0.5511437513540108,0.4681139878814513,0.5491234507799435,2.7668935586885075
2006-03-31,29.66100103504473,0.5769958080228008,1.5798113640954576,4.813471363798438,3.964109310221253,0.4,0.6165056018336916,0.2639279630019894,0.32790364018579565,0.37994244573388347,0.3090759660965691,0.3393908791415122,0.45466215485794453,0.5077621690511864,0.48774072173369976,1.1530027365128799,0.037851331502585066,0.07060069879488433,0.08734116147498065,0.06237293189611932,8.7188020112644,0.18050122680206615,0.37994244573388347,0.296912682261324,0.37792214515981615,3.3098099086311383
2006-06-30,22.93344499419176,0.42614698797553396,1.4289625440481908,3.6895658414131853,2.8402037878359994,0.4,0.6075749759854917,0.38771272229321374,0.45168839947702,0.5037272050251078,0.43286072538779347,0.46317563843273657,0.44573152900974466,0.49883154320298656,0.4788100958854999,1.002153916465613,-0.006037122206893099,0.04503849572992179,0.060935602388679316,0.04282005020945278,6.37200557507321,0.16290585509532926,0.5037272050251078,0.42069744155254835,0.5017069044510405,2.8572634484893378
2006-09-30,24.196342009758524,0.5342705405768441,1.5370860966495008,6.46684695332194,5.617484899744754,0.4,0.5563902311234328,0.21251255217217271,0.276488229355979,0.3285270349040668,0.25766055526675247,0.28797546831169557,0.39454678414768574,0.44764679834092763,0.42762535102344096,1.110277469066923,0.044105449391389065,0.08194522989768098,0.04219283065716446,0.051469671864139054,14.237816972402522,0.1417841511370356,0.3285270349040668,0.24549727143150735,0.3265067343299995,3.181634106293268
2006-12-31,21.86451497231466,0.3133714809526463,1.316187037025303,4.271864161320005,3.4225021077428193,0.340184428907596,0.4878339234038994,0.3433914486127509,0.4073671257965572,0.459405931344645,0.3885394517073307,0.4188543647522738,0.3259904764281524,0.37909049062139427,0.3590690433039076,0.8893784094427252,0.003837041772608041,0.006366268142343281,0.008046620835935315,-0.0002791354799773242,10.498779428291463,0.16657203383973693,0.459405931344645,0.3763761678720855,0.4573856307705777,2.5189369274206745
2007-03-31,25.420917792022802,0.3737900056256632,1.37660556169832,2.369967713181631,1.520605659604445,0.4,0.6078494548533268,0.4765142725620866,0.5404899497458929,0.5925287552939807,0.5216622756566665,0.5519771887016095,0.4460060078775797,0.4991060220708216,0.47908457475333494,0.9497969341157421,0.0028261417485398056,0.013306774413698588,-0.007275551350316944,-0.020181541057556273,3.4093838036859423,0.206146155963842,0.5925287552939807,0.5094989918214212,0.5905084547199134,2.7001925014397252
2007-06-30,29.8653618525571,0.4343996894159945,1.4372152454886513,4.743611388613689,3.8942493350365033,0.4,0.600021368327052,0.23870755422765488,0.30268323141146114,0.35472203695954896,0.2838555573222346,0.3141704703671777,0.43817792135130496,0.49127793554454685,0.4712564882270602,1.0104066179060736,0.03303511859641323,0.02714849559557011,0.05215493665748408,0.024986380135505557,8.887370050565204,0.16411847061710233,0.35472203695954896,0.2716922734869895,0.35270173638548163,2.8820215528107194
2007-09-30,31.631162093539736,0.5375895892663953,1.5404051453390522,5.101266332911534,4.251904279334348,0.4,0.559324641121964,0.2664777801151865,0.3304534572989928,0.3824922628470806,0.31162578320976625,0.34194069625470935,0.39748119414621697,0.45058120833945886,0.4305597610219722,1.1135965177564744,0.05669264059052924,0.05410845155474486,0.05143831918052969,0.03888546970977718,10.697120623448283,0.12491402052562864,0.3824922628470806,0.29946249937452113,0.3804719622730133,3.191591252361922
2007-12-31,24.905068824106216,0.3187543731510273,1.321569929223684,4.27773559474255,3.4283735411653646,0.35623335225549524,0.5317950956224979,0.36613971908726983,0.4301153962710761,0.4821542018191639,0.41128772218184956,0.44160263522679266,0.3699516486467509,0.4230516628399928,0.4030302155225061,0.8947613016411061,0.07526378929643379,0.08384506021253181,0.004029660419389083,-0.007274075652221733,9.267085452128784,0.1418256746309621,0.4821542018191639,0.39912443834660444,0.4801339012450966,2.5350856040158174
2008-03-31,26.765328114001154,0.33367903746175753,1.3364945935344144,2.837334147859789,1.9879720942826034,0.4,0.5912337626793216,0.4041887177091146,0.46816439489292083,0.5202032004410087,0.4493367208036943,0.4796516338486374,0.42939031570357455,0.48249032989681645,0.4624688825793298,0.9096859659518365,-0.014945985184570148,-0.0008635495789372912,-0.00027557414011978405,-0.01759464936419684,4.629755310212866,0.19283552439250037,0.5202032004410087,0.4371734369684492,0.5181828998669413,2.5798595969480083
2008-06-30,23.686070370383526,0.4462474729464678,1.4490630290191246,3.790558689157544,2.941196635580358,0.3608581565088352,0.5210137437660445,0.2981153510500276,0.3620910282338339,0.4141298337819217,0.34326335414460735,0.37357826718955045,0.35917029679029744,0.41227031098353933,0.39224886366605266,1.0222544014365469,0.03355864351884573,0.038133765535238874,0.027564683578611138,0.01944292389801187,8.188863783737617,0.22139253373033008,0.4141298337819217,0.3311000703093622,0.4121095332078544,2.9175649034021394
2008-09-30,20.29504069537004,0.4269237152099852,1.429739271282642,4.504454085992464,3.6550920324152782,0.2957218735870953,0.5123851536159899,0.2747937480562209,0.3387694252400272,0.390808230788115,0.31994175115080065,0.35025666419574375,0.35054170664024287,0.40364172083348476,0.3836202735159981,1.002930643700064,0.047829177874579035,0.058522614939479994,0.04699910527880158,0.03215824435664659,10.426981905940394,0.13097784480315508,0.390808230788115,0.3077784673155555,0.3887879302140477,2.859593630192691
2008-12-31,18.230367658455545,0.4195841800791119,1.4223997361517688,2.8547387140778353,2.0053766605006493,0.4,0.6325699011664172,0.3598567403579417,0.42383241754174794,0.47587122308983576,0.4050047434525214,0.4353196564974645,0.4707264541906701,0.523826468383912,0.5038050210664253,0.995591108569191,0.04694669645971687,0.017332655145075593,0.052028373319945295,0.04816947021031875,4.260174125859435,0.1985302924358058,0.47587122308983576,0.3928414596172763,0.47385092251576844,2.837575024800072
2009-03-31,24.69890538039007,0.43255502798974216,1.435370584062399,3.967425245542377,3.118063191965191,0.4,0.5779111368323211,0.3634499518676601,0.4274256290514664,0.47946443459955423,0.4085979549622399,0.438912868007183,0.41606768985657405,0.46916770404981595,0.4491462567323293,1.008561956479821,0.015600151904846819,0.08118518200223018,0.06491097739322085,0.057171197104241046,7.494124797433906,0.1470936503998841,0.47946443459955423,0.3964346711269947,0.4774441340254869,2.8764875685319624
2009-06-30,24.918322558109203,0.5539765349760648,1.5567920910487216,5.271175093701138,4.421813040123952,0.4,0.6908651208324181,0.17996772086084464,0.24394339804465093,0.29598220359273875,0.2251157239554244,0.2554306370003675,0.529021673856671,0.5821216880499129,0.5621002407324263,1.1299834634661439,0.035058408559156276,0.09184864900993947,0.09000410117388508,0.07400584971278143,8.358472362555723,0.15349106631554751,0.29598220359273875,0.21295244012017928,0.2939619030186714,3.2407520894909303
2009-09-30,23.138316788826728,0.24251673549873803,1.245332291571395,3.8261680290751143,2.9768059754979284,0.4,0.6063143228616161,0.3532228500844825,0.41719852726828877,0.4692373328163766,0.39837085317906223,0.42868576622400534,0.4444708758858691,0.497570890079111,0.4775494427616243,0.818523663988817,0.011381905124767212,0.03669376579937145,0.04017026343411534,0.0230540876691243,6.6974151446141335,0.21058688685541058,0.4692373328163766,0.3862075693438171,0.46721703224230926,2.30637269105895
2009-12-31,19.770984841645262,0.37476951364005656,1.3775850697127134,2.205039289557397,1.3556772359802112,0.4,0.566714782863902,0.3394641942691076,0.40343987145291393,0.45547867700100175,0.3846121973636874,0.4149271104086305,0.40487133588815494,0.45797135008139683,0.43794990276391016,0.9507764421301356,-0.0019479330416956354,-0.003320115767188719,-0.03565586939024957,-0.05267411697440169,3.3484149551024647,0.18399628224295167,0.45547867700100175,0.3724489135284422,0.45345837642693443,2.7031310254829055
2010-03-31,12.290699353692606,0.20482334853131873,1.2076389046039755,2.82434168391243,1.974979630335244,0.3342567621595546,0.4976047326654727,0.34675084348529356,0.41072652066909987,0.4627653262171877,0.39189884657987334,0.42221375962481644,0.3357612856897257,0.3888612998829676,0.3688398525654809,0.7808302770213976,0.03012128529057702,-0.012594699403836371,0.0013097110356932937,0.0013728956724064056,5.882094554999729,0.20674097819744344,0.4627653262171877,0.37973556274462816,0.46074502564312037,2.193292530156692
2010-06-30,33.64251761238223,0.6055693874349943,1.6083849435076512,5.978170947725403,5.128808894148217,0.3949917340246559,0.5296623156918595,0.20242985045874826,0.26640552764255454,0.31844433319064236,0.247577853553328,0.2778927665982711,0.36781886871611247,0.42091888290935436,0.4008974355918677,1.1815763159250734,0.04819594868779889,0.10259080888733978,0.09859755411798399,0.0887923621075874,13.943843914398803,0.13511339157654553,0.31844433319064236,0.2354145697180829,0.31642403261657503,3.395530646867719
2010-09-30,26.936178978645643,0.36686971921522266,1.3696852752878794,3.664323021139053,2.814960967561867,0.35399704346724775,0.5468237880090704,0.3013773418132232,0.36535301899702943,0.41739182454511725,0.3465253449078029,0.376840257952746,0.38498034103332335,0.43808035522656524,0.41805890790907857,0.9428766477053016,-0.015285322116813375,0.09461665700610424,0.05152223380907456,0.05423319678173154,7.311960293884742,0.21280102989207075,0.41739182454511725,0.3343620610725578,0.4153715239710499,2.679431642208404
2010-12-31,23.962964482647017,0.4364327292763502,1.439248285349007,3.6974080391413358,2.84804598556415,0.3557199399598306,0.5048874134585639,0.2700213311650267,0.33399700834883295,0.38603581389692077,0.3151693342596064,0.3454842473045495,0.3430439664828169,0.39614398067605877,0.3761225333585721,1.012439657766429,-0.007720449055221682,0.06580274087743226,0.01356014522825904,0.00347403688330921,8.302276861956727,0.1810403764131058,0.38603581389692077,0.3030060504243613,0.38401551332285344,2.8881206723917865
2011-03-31,20.507442129342692,0.4263908345100135,1.4292063905826704,3.4932978140495536,2.6439357604723677,0.3788379937370848,0.5654675304758808,0.22928206203235846,0.2932577392161647,0.34529654476425253,0.2744300651269382,0.3047449781718813,0.4036240835001338,0.4567240976933757,0.436702650375889,1.0023977630000926,-0.005634443922215269,0.010798037469936104,0.0207493048843624,0.016678031659071592,6.550490589027231,0.1710163398618988,0.34529654476425253,0.26226678129169306,0.3432762441901852,2.8579949880927766
2011-06-30,31.25320078693892,0.5025354765744996,1.5053510326471564,6.078922489726873,5.229560436149687,0.4,0.5706168494346834,0.29176340890863844,0.35573908609244476,0.4077778916405326,0.3369114120032182,0.36722632504816133,0.40877340245893634,0.46187341665217824,0.44185196933469156,1.0785424050645784,0.029597549463275318,0.08044305170326485,0.05485560130303354,0.043053034464734685,12.793299184075527,0.18007944243494478,0.4077778916405326,0.32474812816797305,0.40575759106646525,3.086428914286235
2011-09-30,25.197146626196453,0.4427835340358874,1.4455990901085443,3.884580899681547,3.035218846104361,0.4,0.537927626144918,0.4206508200808799,0.4846264972646862,0.536665302812774,0.4657988231754597,0.4961137362204028,0.3760841791691709,0.4291841933624128,0.40916274604492614,1.0187904625259665,-0.007157408723940228,0.08973371726603394,-0.0010753667995500663,-0.026267531588705265,8.07058369966436,0.15734014985580635,0.536665302812774,0.4536355393402145,0.5346450022387067,2.907173086670398
2011-12-31,37.70706360867434,0.3651249651298304,1.3679405212024873,4.43259468664713,3.5832326330699447,0.35572545884845747,0.5652455128629504,0.3617039069430996,0.4256795841269059,0.4777183896749937,0.40685191003767934,0.43716682308262245,0.4034020658872034,0.4565020800804453,0.4364806327629586,0.9411318936199095,0.02522719448443784,0.09638269030775479,0.026927875034268536,0.0009837520616793327,8.882534166475647,0.20156269044282474,0.4777183896749937,0.3946886262024342,0.47569808910092637,2.6741973799522274
2012-03-31,31.103468655080157,0.5911339247919194,1.5939494808645762,5.288537295883412,4.439175242306226,0.4,0.6746148982599666,0.30544540365078643,0.3694210808345927,0.4214598863826805,0.35059340674536615,0.38090831979030926,0.5127714512842194,0.5658714654774614,0.5458500181599747,1.1671408532819982,0.05427609454265099,0.09016189811367409,0.06607857830762293,0.049503544715517996,8.657219958693988,0.18816544498439217,0.4214598863826805,0.33843012291012103,0.4194395858086132,3.3522242589384943
2012-06-30,20.85101428053539,0.2733376364414608,1.2761531925141176,4.0346880331546116,3.185325979577426,0.4,0.5722262595258477,0.2692480795149457,0.33322375669875204,0.38526256224683986,0.3143960826095255,0.3447109956544686,0.4103828125501007,0.46348282674334257,0.4434613794258559,0.8493445649315398,-0.01122647362173022,0.015739640730709895,0.021750743798208037,0.02181533754199242,7.761840608732981,0.1881811655889765,0.38526256224683986,0.30223279877428033,0.38324226167277253,2.3988353938871185
2012-09-30,21.468834884252853,0.4535123713250021,1.456327927397659,3.3576129568880977,2.5082509033109117,0.4,0.5654249531427145,0.2754318994993687,0.339407576683175,0.3914463822312628,0.3205799025939485,0.3508948156388916,0.4035815061669674,0.4566815203602093,0.43666007304272264,1.0295192998150813,0.0473385216992019,0.11572631586083759,0.07298631255182284,0.0680221228600411,6.214979787188793,0.15915991686011755,0.3914463822312628,0.3084166187587033,0.3894260816571955,2.9393595985377425
2012-12-31,25.961611171989816,0.4571603828690364,1.4599759389416933,4.9172856641638605,4.067923610586675,0.4,0.6371894679310769,0.2885162686115591,0.35249194579536536,0.4045307513434532,0.3336642717061388,0.36397918475108193,0.4753460209553298,0.5284460351485717,0.508424587831085,1.0331673113591155,0.015963141269491436,0.15553241861396205,0.05278553775377454,0.053778012893430184,8.557815635883811,0.18486289763722716,0.4045307513434532,0.3215009878708937,0.40251045076938585,2.9503036331698453
2013-03-31,27.6115790650371,0.24215374720121424,1.2449693032738711,4.9229181517658835,4.073556098188698,0.331947163076702,0.47299755396171184,0.2576338473327984,0.32160952451660474,0.37364833006469256,0.3027818504273782,0.3330967634723213,0.3111541069859648,0.3642541211792067,0.34423267386172,0.8181606756912932,0.014667096104986285,-0.00420384821140312,0.07938293692561325,0.042701952654382924,13.091763877545231,0.19667259732975192,0.37364833006469256,0.29061856659213303,0.37162802949062523,2.3052837261663788
2013-06-30,14.891233980818448,0.43775504758430417,1.440570603656961,4.330893862140611,3.481531808563425,0.4,0.6465363020789484,0.4393983310282487,0.503374008212055,0.5554128137601428,0.4845463341228285,0.5148612471677716,0.4846928551032013,0.5377928692964432,0.5177714219789565,1.0137619760743832,0.043188135217816746,0.004140208714843253,0.0040865238061906315,-0.005656831328237056,7.182964988873487,0.2023062998068274,0.5554128137601428,0.4723830502875833,0.5533925131860755,2.8920876273156484
2013-09-30,24.468675935758323,0.46107613466008934,1.4638916907327462,4.046457127879429,3.1970950743022435,0.4,0.6336572437657497,0.3150975424010244,0.37907321958483065,0.43111202513291846,0.3602455454956041,0.3905604585405472,0.4718137967900026,0.5249138109832445,0.5048923636657578,1.0370830631501682,0.03821723702799255,0.025017439784441195,0.026984864790324824,0.016266689451375965,6.776179704904271,0.1574620846760772,0.43111202513291846,0.348082261660359,0.42909172455885114,2.962050888543004
2013-12-31,21.375209119414396,0.44941602048455287,1.4522315765572098,3.1326249491804137,2.2832628956032277,0.4,0.6290383293553204,0.32183889007051486,0.3858145672543212,0.437853372802409,0.36698689316509464,0.39730180621003774,0.46719488237957335,0.5202948965728152,0.5002734492553286,1.025422948974632,0.0406047610888499,-0.011982226651015684,0.03587028382305998,0.040057907570387734,4.887174456992845,0.1947132089109725,0.437853372802409,0.35482360932984947,0.43583307222834167,2.927070546016395
2014-03-31,22.047137650274276,0.4861754919845666,1.4889910480572235,5.816086338158162,4.966724284580977,0.4,0.634146538267007,0.23100694479194778,0.2949826219757541,0.3470214275238419,0.27615494788652756,0.30646986093147066,0.47230309129125986,0.5254031054845018,0.5053816581670151,1.0621824204746457,0.0481941540924149,0.12288161451627336,0.06907310925800003,0.06452328537726736,10.515968191108234,0.17114261524839017,0.3470214275238419,0.2639916640512824,0.3450011269497746,3.037348960516436
2014-06-30,19.188298485274693,0.29450778409620004,1.2973233401688569,2.6807118387212574,1.8313497851440717,0.3432456631441294,0.5482788153503937,0.3396019026334628,0.40357757981726905,0.45561638536535687,0.3847499057280425,0.4150648187729856,0.38643536837464665,0.43953538256788854,0.41951393525040187,0.870514712586279,-0.007138331178547584,-0.004849352416758261,0.023521763163852766,0.00532323039959756,4.739084294604705,0.19738124716628433,0.45561638536535687,0.3725866218927974,0.45359608479128954,2.462345836851336
2014-09-30,18.566858464866712,0.37022808944490987,1.3730436455175667,2.950013259832933,2.100651206255747,0.4,0.6189653091675958,0.3386307863709631,0.40260646355476937,0.4546452691028572,0.38377878946554284,0.41409370251048594,0.45712186219184875,0.5102218763850906,0.49020042906760397,0.9462350179349889,-0.007688529609758025,0.010305976730642187,0.045576018531807774,0.045868372257411055,4.595385563454255,0.20416146082367814,0.4546452691028572,0.3716155056302977,0.45262496852878986,2.6895067528974654
2014-12-31,31.574312934180337,0.369182972906663,1.37199852897932,3.8562469910977,3.006884937520514,0.4,0.5952732486941303,0.423794079512958,0.48776975669676426,0.5398085622448521,0.4689420826075377,0.49925699565248083,0.4334298017183833,0.4865298159116252,0.4665083685941385,0.9451899013967421,0.060234906591501054,0.028390503756429878,0.06295800192913736,0.04505858178510641,6.9374208363138985,0.1923883973585526,0.5398085622448521,0.4567787987722926,0.5377882616707848,2.6863714032827253
2015-03-31,23.60466952447945,0.4808269455704318,1.4836425016430885,3.0021823159494345,2.1528202623722485,0.375907357430998,0.5150695409059075,0.37253632565464945,0.4365120028384557,0.4885508083865435,0.4176843287492292,0.4479992417941723,0.35322609393016047,0.40632610812340236,0.3863046608059157,1.0568338740605108,-0.01566990246187648,-0.016899494931252597,0.001983321881884848,0.006543029029505269,6.094737334999667,0.20023378531399816,0.4885508083865435,0.40552104491398405,0.4865305078124762,3.021303321274031
2015-06-30,17.394666290289333,0.5865043749206738,1.5893199309933306,4.582550112757256,3.733188059180071,0.3975910773112717,0.5601617871685713,0.40449395309798314,0.46846963028178945,0.5205084358298773,0.4496419561925629,0.479956869237506,0.3983183401928243,0.4514183543860662,0.4313969070685795,1.1625113034107528,0.023029476298159796,0.06473623667473563,0.046683354396812426,0.036461591043110315,9.372373005402787,0.17594518667206874,0.5205084358298773,0.43747867235731774,0.51848813525581,3.338335609324757
2015-09-30,25.684030318566773,0.27358795977578404,1.2764035158484408,4.878496342838667,4.029134289261481,0.35335587059146,0.536979309144001,0.4009232083436465,0.46489888552745273,0.5169376910755406,0.4460712114382262,0.4763861244831693,0.375135862168254,0.4282358763614959,0.40821442904400923,0.8495948882658629,0.029217257349439536,0.047576879915715194,0.034560569771747006,0.0333562064889903,10.740466843061661,0.17852702963260814,0.5169376910755406,0.4339079276029811,0.5149173905014732,2.399586363890088
2015-12-31,7.551414012704493,0.31683798083487363,1.3196535369075304,2.16050361392596,1.3111415603487744,0.4,0.5587129670934065,0.4162904026173664,0.48026607980117264,0.5323048853492605,0.4614384057119461,0.4917533187568892,0.3968695201176594,0.4499695343109013,0.42994808699341464,0.8928449093249525,-0.0009013142168299071,0.0009084782122715821,-0.01694063067707677,-0.0440429226589272,3.3037093903307615,0.20604598153149167,0.5323048853492605,0.449275121876701,0.5302845847751931,2.529336427067357
2016-03-31,26.894509579776432,0.575588946412088,1.5784045024847448,3.9183024941711646,3.0689404405939786,0.4,0.546685966325626,0.35648981578370165,0.4204654929675079,0.4725042985155957,0.40163781887828137,0.4319527319232245,0.384842519349879,0.4379425335431209,0.41792108622563423,1.151595874902167,0.001889171173118813,0.06275836003506798,0.05151028520227491,0.028527948600233458,7.974535780969296,0.18896619253584077,0.4725042985155957,0.38947453504303625,0.4704839979415284,3.305589323799
2016-06-30,24.81090258805156,0.5804790092488288,1.5832945653214856,5.215126560939005,4.36576450736182,0.37997546361574475,0.5739948784655189,0.22947532160268894,0.2934509987864952,0.34548980433458304,0.2746233246972687,0.3049382377422118,0.41215143148977185,0.46525144568301374,0.44522999836552707,1.1564859377389078,0.04919060340097788,0.08232452850201166,0.09349769452723074,0.0805539853417542,10.592622453308554,0.17700987504652682,0.34548980433458304,0.26246004086202357,0.3434695037605157,3.3202595123092222
2016-09-30,18.56238642169331,0.29974349364971126,1.302559049722368,3.8763173030203184,3.0269552494431324,0.3089551004499825,0.4885639194731274,0.4078751195337602,0.47185079671756647,0.5238896022656543,0.45302312262833994,0.48333803567328304,0.32672047249738034,0.37982048669062224,0.35979903937313557,0.8757504221397902,-0.0015526502445428417,-0.0024817229738990296,0.04100673533973831,0.024054172736750246,9.264663540382834,0.20345120165852257,0.5238896022656543,0.4408598387930948,0.521869301691587,2.4780529655118695
2016-12-31,26.94299736730752,0.2887210715060762,1.291536627578733,3.7881477484402972,2.9387856948631113,0.4,0.6167773255698948,0.4258213809456205,0.48979705812942675,0.5418358636775146,0.4709693840402002,0.5012842970851433,0.45493387859414774,0.5080338927873896,0.48801244546990297,0.8647279999961551,-0.00982293556933618,-0.001190405312863737,0.02754580327150377,0.007232126794943795,6.459808409838915,0.1648526094551537,0.5418358636775146,0.4588061002049551,0.5398155631034472,2.4449856990809646
2017-03-31,18.824548564443838,0.3715147829927608,1.3743303390654176,2.748761417345533,1.8993993637683468,0.3981228716220943,0.5642809252019675,0.39909050546321606,0.4630661826470224,0.5151049881951102,0.44423850855779584,0.47455342160273895,0.40243747822622045,0.45553749241946234,0.43551604510197567,0.9475217114828397,-0.037349732991474836,0.04129136662072422,0.006998204090165837,-0.02460947247031944,4.71973776433577,0.17515168744720785,0.5151049881951102,0.43207522472255067,0.5130846876210429,2.693366833541018
2017-06-30,22.03346900630158,0.25177421771145364,1.2545897737841105,3.91281607249508,3.063454018917894,0.29459249001414456,0.4641751309489871,0.325085505659352,0.38906118284315827,0.4410999883912461,0.37023350875393174,0.40054842179887484,0.30233168397324006,0.35543169816648196,0.3354102508489953,0.8277811462015326,0.009117725710450986,0.11929412945661727,0.01036953752151517,-0.0020035226931689153,10.132758759049038,0.17803000941110397,0.4410999883912461,0.3580702249186866,0.43907968781717877,2.3341451376970968
2017-09-30,19.708770139136185,0.2269748699535215,1.2297904260261783,2.736845246870203,1.8874831932930172,0.34284805866343687,0.5313607358208815,0.42062131850549267,0.4845969956892989,0.5366358012373867,0.4657693216000724,0.4960842346450155,0.36951728884513446,0.42261730303837636,0.4025958557208897,0.8029817984436004,0.013246258655119691,0.0028721300046714183,-0.02093937413093265,-0.04386066460797979,5.107969911751723,0.1873260678820458,0.5366358012373867,0.4536060377648273,0.5346155006633194,2.2597470944233002
2017-12-31,29.541268501799838,0.5427273277411917,1.5455428838138485,4.923314978444764,4.073952924867578,0.4,0.6376758269420397,0.19539429757010707,0.2593699747539133,0.31140878030200114,0.2405423006646868,0.2708572137096299,0.47583237996629263,0.5289323941595345,0.5089109468420479,1.1187342562312708,0.06411615930712666,0.09465327622291726,0.038501255128010184,0.015911898703746284,8.561739588121709,0.177187888493259,0.31140878030200114,0.2283790168294417,0.3093884797279338,3.207004467786311
2018-03-31,28.6738877612986,0.37971246439963524,1.382528020472292,2.5885739629505724,1.7392119093733864,0.366121504484159,0.5244119505728324,0.42255379111381247,0.4865294682976188,0.5385682738457066,0.46770179420839225,0.49801670725333536,0.36256850359708537,0.41566851779032726,0.3956470704728406,0.9557193928897142,-0.01176331740210694,0.03796590031513643,0.018422853147308557,0.017450311664022354,4.796919456925954,0.17837155719098136,0.5385682738457066,0.4555385103731471,0.5365479732716393,2.7179598777616416
2018-06-30,25.648814624217966,0.19168860315987452,1.1945041592325314,3.973221455030393,3.123859401453207,0.4,0.5885303604047941,0.3297134129647232,0.3936890901485295,0.4457278956966173,0.37486141605930295,0.40517632910424606,0.4266869134290471,0.479786927622289,0.4597654803048023,0.7676955316499535,0.021439009570956756,0.02912603360129538,0.04978482794055162,0.04502475581605334,7.321198056787058,0.17178734650133504,0.4457278956966173,0.3626981322240578,0.44370759512255,2.1538882940423596
2018-09-30,29.284592444967856,0.28436360800107807,1.287179164073735,4.62395603724134,3.7745939836641544,0.37854163061423945,0.5293878760216669,0.25113996098097513,0.3151156381647814,0.3671544437128692,0.29628796407555485,0.32660287712049796,0.3675444290459199,0.4206444432391618,0.4006229959216751,0.860370536491157,0.04548258414004712,0.10708129103870584,0.03864571854909847,0.0368089589406644,10.26976247051909,0.16882487788783934,0.3671544437128692,0.28412468024030973,0.3651341431388019,2.43191330856597
2018-12-31,27.697226977807993,0.20609981271829486,1.2089153687909517,2.68775735170728,1.8383952981300944,0.332881288280241,0.5345545696824907,0.4347797905777548,0.4987554677615611,0.5507942733096489,0.47992779367233457,0.5102427067172777,0.37271112270674367,0.42581113689998557,0.4057896895824989,0.7821067412083739,-0.0057069732207996,-0.035977719228995474,-0.0073949788875726785,-0.022350266823181714,4.932493789772352,0.18728846074169347,0.5507942733096489,0.4677645098370894,0.5487739727355816,2.1971219227176206
2019-03-31,35.952340264776346,0.1134257666696295,1.1162413227422863,4.049554004238488,3.200191950661303,0.3743212562783831,0.5546270802938427,0.3307500272728152,0.3947257044566215,0.4467645100047093,0.37589803036739494,0.40621294341233805,0.3927836333180956,0.4458836475113375,0.42586220019385085,0.6894326951597084,0.02345776299135048,0.03884769528839343,0.019364333251410355,0.024017644819119256,8.147467662099935,0.19218786485302217,0.4467645100047093,0.3637347465321498,0.44474420943064197,1.9190997845716242
2019-06-30,24.696713493444214,0.5155702096496818,1.5183857657223387,4.836822560880031,3.9874605073028455,0.3630577593682679,0.5212493052952798,0.21730912112996434,0.2812847983137706,0.33332360386185844,0.2624571242245441,0.2927720372694872,0.35940585831953276,0.41250587251277465,0.392484425195288,1.091577138139761,0.04273377133257308,0.12891393183964608,0.06294983016404253,0.04469059716749605,11.094589626187341,0.11710329054391694,0.33332360386185844,0.25029384038929897,0.3313033032877911,3.1255331135117816
2019-09-30,24.516006208890083,0.3539082709489276,1.3567238270215844,3.2958947800989318,2.446532726521746,0.4,0.5993506987082705,0.34349769211295683,0.40747336929676314,0.45951217484485096,0.3886456952075366,0.4189606082524797,0.43750725173252347,0.49060726592576537,0.4705858186082787,0.9299151994390066,0.018522122144399748,0.03687802339879813,0.03892447060775652,0.023362923268844465,5.5919821142015484,0.20726862779420846,0.45951217484485096,0.37648241137229144,0.45749187427078364,2.6405472974095185
2019-12-31,20.581497859561814,0.3109214961626664,1.3137370522353233,4.260107298190752,3.4107452446135658,0.4,0.5715332015575545,0.46411971240934885,0.5280953895931552,0.580134195141243,0.5092677155039287,0.5395826285488717,0.40968975458180745,0.46278976877504935,0.4427683214575627,0.8869284246527455,0.011524086265085325,-0.026095168290591074,0.027207080539458067,-0.0006477654928580164,8.325190480037994,0.1783129593545955,0.580134195141243,0.49710443166868346,0.5781138945671757,2.5115869730507354
2020-03-31,14.460337391892647,0.30346199663041606,1.3062775527030728,3.010231096834649,2.160869043257463,0.37887837049995343,0.5461224811537222,0.43289721243298573,0.496872889616792,0.5489116951648798,0.47804521552756546,0.5083601285725086,0.38427903417797515,0.43737904837121705,0.4173576010537304,0.8794689251204949,0.0018276836465498571,-0.025976788742414002,-0.03641556027189154,-0.045356723296219995,5.623177043420686,0.23140169976559344,0.5489116951648798,0.46588193169232034,0.5468913945908125,2.4892084744539837
2020-06-30,19.218570816829995,0.3813379308119083,1.384153486884565,4.146326811858368,3.2969647582811827,0.378670741252215,0.5544497689340735,0.20838533013613497,0.2723610073199413,0.3243998128680291,0.25353333323071475,0.28384824627565786,0.39260632195832645,0.44570633615156835,0.4256848888340817,0.9573448593019872,0.006354079469575551,0.06513172139917063,0.08536775039587562,0.057407311806968814,8.397635427356011,0.24163910830653768,0.3243998128680291,0.2413700493954696,0.3223795122939618,2.7228362769984606
2020-09-30,18.919841469620675,0.49453737253771113,1.497352928610368,5.521807318587188,4.672445265010002,0.4,0.6072985918134477,0.21731317005809897,0.2812888472419053,0.3333276527899931,0.26246117315267875,0.29277608619762185,0.44545514483770066,0.49855515903094255,0.4785337117134559,1.0705443010277902,0.018025613207693233,0.08984264541525441,0.056505917396274453,0.049686706952645224,10.489148726102117,0.17054274789628507,0.3333276527899931,0.2502978893174336,0.3313073522159258,3.0624346021758693
2020-12-31,20.429492950206253,0.4796515341174835,1.4824670901901404,3.757357349218152,2.907995295640966,0.38524149659235246,0.5629623316135298,0.350624157719694,0.4145998349035003,0.4666386404515881,0.39577216081427374,0.42608707385921685,0.4011188846377828,0.4542188988310247,0.434197451513538,1.0556584626075627,0.015630535105232535,0.04925484605886537,0.037906489331678596,0.01997617283474999,7.249709268280738,0.2045624017037544,0.4666386404515881,0.3836088769790286,0.46461833987752077,3.0177770869151868
2021-03-31,26.26393173431198,0.5130479768452288,1.5158635329178858,3.2694649180323494,2.4201028644551634,0.4,0.5934276019466109,0.4130341855123738,0.47700986269618006,0.5290486682442679,0.45818218860695353,0.48849710165189664,0.4315841549708639,0.4846841691641058,0.4646627218466191,1.089054905335308,-0.0010887762569544608,0.0054931298105160165,0.031501661279257714,0.021996540475601546,5.607487755472728,0.1565657721329814,0.5290486682442679,0.4460189047717084,0.5270283676702006,3.1179664150984228
2021-06-30,28.942889216313176,0.4178672960848059,1.4206828521574626,5.2520399910167095,4.402677937439524,0.4,0.537830831212727,0.19959376376989757,0.2635694409537038,0.31560824650179164,0.2447417668644773,0.2750566799094204,0.37598738423697997,0.42908739843022187,0.4090659511127352,0.9938742245748847,0.05037968640973113,0.1276286192754768,0.062435692714226484,0.05276776806413487,11.709642722120094,0.1581302001475463,0.31560824650179164,0.2325784830292322,0.3135879459277243,2.832424372817153
2021-09-30,26.730739396454055,0.48194322014610713,1.484758776218764,4.462138682896991,3.6127766293198054,0.4,0.6216371880197588,0.34856926810723915,0.41254494529104546,0.4645837508391333,0.39371727120181893,0.42403218424676203,0.45979374104401166,0.5128937552372536,0.4928723079197669,1.057950148636186,0.0230603293931704,0.08476501626198606,0.039646701873784676,0.02819241232902636,7.857385403108366,0.1862975573918817,0.4645837508391333,0.38155398736657375,0.46256345026506596,3.024652145001057
2021-12-31,24.567160840905935,0.6148193178270278,1.6176348738996846,4.8779827251723225,4.028620671595137,0.3684043360673802,0.5551943389630098,0.1860770123386921,0.2500526895224984,0.3020914950705862,0.23122501543327184,0.26153992847821494,0.3933508919872628,0.4464509061805047,0.42642945886301803,1.1908262463171067,0.04748101404588172,0.10020377645066358,0.070123653306964,0.07275784755210117,10.241798744225521,0.13264719323750063,0.3020914950705862,0.21906173159802672,0.30007119449651887,3.423280438043819
2022-03-31,19.351323637703445,0.30712418016292076,1.3099397362355776,4.165023196725989,3.315661143148803,0.3856126235682773,0.5176966451389912,0.2764645631460058,0.3404402403298121,0.39247904587789995,0.3216125662405856,0.3519274792855287,0.3558531981632441,0.408953212356486,0.38893176503899934,0.8831311086529997,0.0451848445634854,0.018188758946553113,0.06348286569107263,0.045632560118950186,9.317497103476295,0.16874746752746972,0.39247904587789995,0.3094492824053404,0.3904587453038326,2.5001950250514984
2022-06-30,20.209174152258928,0.4707330023574856,1.4735485584301424,4.349469353663717,3.5001073000865315,0.4,0.6149464758048838,0.36176558004380155,0.4257412572276078,0.4777800627756956,0.4069135831383813,0.4372284961833244,0.4531030288291367,0.5062030430223786,0.48618159570489194,1.0467399308475644,0.05680841712241129,0.008079856988276454,0.03499432241372762,0.04035125225205693,7.72474928965087,0.18346874992769552,0.4777800627756956,0.39475029930313615,0.4757597622016283,2.991021491635193
2022-09-30,36.50690431046231,0.34102724270729246,1.3438427987799493,4.180059432605215,3.330697379028029,0.3857935749907169,0.576006060371445,0.19826896955792783,0.2622446467417341,0.3142834522898219,0.24341697265250756,0.27373188569745066,0.41416261339569793,0.4672626275889398,0.44724118027145315,0.9170341711973714,0.03598944228293107,0.1310973924987248,0.061356621115983785,0.05493356927312235,8.042003964867357,0.20964246611877477,0.3142834522898219,0.23125368881726246,0.3122631517157546,2.6019042126846132
2022-12-31,22.850532272902417,0.34128971201738173,1.3441052680900385,3.638026791224198,2.788664737647012,0.4,0.5921578740887967,0.367059408757165,0.4310350859409713,0.4830738914890591,0.41220741185174475,0.44252232489668786,0.4303144271130497,0.4834144413062916,0.4633929939888049,0.9172966405074606,0.018088608875537045,0.021271886457645925,0.03818553791600496,0.015753804127530174,6.480528102104256,0.1752338643892581,0.4830738914890591,0.4000441280164996,0.4810535909149918,2.602691620614881
2023-03-31,13.267582989523646,0.2313335290870267,1.2341490851596835,1.3590417504957084,0.5096796969185226,0.33141913310696103,0.48165781699471216,0.4197679562600348,0.4837436334438411,0.5357824389919289,0.46491595935461455,0.49523087239955765,0.3198143700189651,0.372914384212207,0.35289293689472034,0.8073404575771056,0.018473610428551907,0.022616017504851593,-0.03083319610586442,-0.053601782759200634,1.5936735328318685,0.2199616937276093,0.5357824389919289,0.45275267551936943,0.5337621384178616,2.272823071823816
2023-06-30,13.066637525596807,0.2216167005772007,1.2244322566498576,2.2077945647626627,1.3584325111854767,0.39680855989073804,0.5655007774850532,0.49005449264780837,0.5540301698316147,0.6060689753797025,0.5352024957423882,0.5655174087873313,0.4036573305093062,0.4567573447025481,0.4367358973850614,0.7976236290672797,-0.021679125737564243,-0.010697797181809228,0.002701773715435187,-0.002807682642389532,3.365311140197808,0.16940449814547387,0.6060689753797025,0.523039211907143,0.6040486748056352,2.243672586294338
2023-09-30,26.171056147039053,0.4376780923226311,1.440493648395288,4.4216156390411845,3.572253585463999,0.3789750432460236,0.5576941349747969,0.2994060972905676,0.3633817744743739,0.41542058002246174,0.3445541003851474,0.3748690134300905,0.3958506879990499,0.4489507021922918,0.4289292548748051,1.01368502081271,0.03720539209279665,-0.006263873042961665,0.024598058323393276,0.021935138102913265,9.0242449836858,0.17902047179049962,0.41542058002246174,0.3323908165499022,0.4134002794483944,2.8918567615306294
2023-12-31,26.671063421474248,0.309352455153441,1.3121680112260978,3.6371882368346653,2.7878261832574793,0.4,0.4890182659924611,0.3436753974002547,0.407651074584061,0.45968988013214884,0.3888234004948345,0.4191383135397776,0.3271748190167141,0.380274833209956,0.3602533858924693,0.88535938364352,0.012097054218729898,-0.028177652682149897,0.017895095380684414,0.0247014293974738,8.520906931761946,0.20769757320879156,0.45968988013214884,0.3766601166595893,0.4576695795580815,2.5068798500230587
2024-03-31,16.44618077939108,0.23309052993090396,1.2359060860035607,2.813814112794992,1.9644520592178059,0.3777530233510568,0.5465496959373443,0.4968335876937555,0.5608092648775618,0.6128480704256496,0.5419815907883352,0.5722965038332783,0.3847062489615972,0.4378062631548391,0.41778481583735244,0.8090974584209828,-0.015851086772375515,-0.005879862622921653,-0.007558735674934246,-0.0298813810246669,5.106368988079278,0.19223428086590794,0.6128480704256496,0.5298183069530902,0.6108277698515823,2.2780940743554474
2024-06-30,25.80622601701211,0.2862564231354496,1.2890719792081065,3.040129538942909,2.190767485365723,0.35901534917914085,0.5520940189681296,0.34451220133916816,0.4084878785229744,0.46052668407106223,0.3896602044337479,0.419975117478691,0.39025057199238256,0.44335058618562445,0.4233291388681378,0.8622633516255286,-0.0021940964247207668,0.03342905232482241,0.0012809798182930026,0.00956227534962082,5.613745738234268,0.20593195668586645,0.46052668407106223,0.37749692059850276,0.4585063834969949,2.437591753969085
2024-09-30,20.632895635017036,0.3982187247556561,1.401034280828313,3.1324096040359994,2.2830475504588135,0.37476220973053204,0.5327410702231355,0.38764510760268966,0.4516207847864959,0.5036595903345837,0.4327931106972694,0.4631080237422125,0.3708976232473885,0.4239976374406304,0.40397619012314373,0.9742256532457351,0.014066483345388976,-0.015586102739546817,0.020903019307344995,-0.001082670142286744,6.155465571522474,0.17917760604680566,0.5036595903345837,0.42062982686202427,0.5016392897605164,2.7734786588297045
2024-12-31,26.517532819960632,0.5149427721018722,1.517758328174529,2.9897532721371074,2.1403912185599214,0.4,0.6353680776572934,0.2402335727636299,0.30420924994743614,0.35624805549552396,0.2853815758582096,0.3156964889031527,0.4735246306815463,0.5266246448747882,0.5066031975573015,1.0909497005919513,0.026508078765234686,0.044449053974418354,0.03390971279715519,0.028273862199823578,4.5201264725749235,0.16569514031341742,0.35624805549552396,0.2732182920229645,0.35422775492145664,3.1236508008683526
2025-03-31,14.545261976869336,0.37556144517731455,1.3783770012499714,5.096868590246487,4.2475065366693014,0.36198494727787084,0.6085500129469282,0.4569462214060046,0.5209218985898109,0.5729607041378987,0.5020942245005844,0.5324091375455274,0.4467065659711812,0.4998065801644231,0.4797851328469364,0.9515683736673936,0.005474188335439504,-0.03670554395383646,0.044939748916357415,0.01984836478366408,9.50849362922354,0.2144723174578422,0.5729607041378987,0.4899309406653392,0.5709404035638314,2.7055068200946795
